-- phpMyAdmin SQL Dump
-- version 3.4.11.1deb2+deb7u4
-- http://www.phpmyadmin.net
--
-- Računalo: localhost
-- Vrijeme generiranja: Lip 14, 2016 u 08:26 PM
-- Verzija poslužitelja: 5.5.49
-- PHP verzija: 5.4.45-0+deb7u3

SET SQL_MODE="NO_AUTO_VALUE_ON_ZERO";
SET time_zone = "+00:00";


/*!40101 SET @OLD_CHARACTER_SET_CLIENT=@@CHARACTER_SET_CLIENT */;
/*!40101 SET @OLD_CHARACTER_SET_RESULTS=@@CHARACTER_SET_RESULTS */;
/*!40101 SET @OLD_COLLATION_CONNECTION=@@COLLATION_CONNECTION */;
/*!40101 SET NAMES utf8 */;

--
-- Baza podataka: `WebDiP2015x054`
--

-- --------------------------------------------------------

--
-- Tablična struktura za tablicu `aktivacija_korisnika`
--

CREATE TABLE IF NOT EXISTS `aktivacija_korisnika` (
  `kod` char(10) NOT NULL,
  `korisnik` varchar(25) NOT NULL,
  `datum_i_vrijeme` datetime NOT NULL
) ENGINE=InnoDB DEFAULT CHARSET=utf8;

--
-- Izbacivanje podataka za tablicu `aktivacija_korisnika`
--

INSERT INTO `aktivacija_korisnika` (`kod`, `korisnik`, `datum_i_vrijeme`) VALUES
('02m05:m2:', 'marinac', '2016-06-02 12:23:25'),
(':a4a.500.4', 'marinac', '2016-06-02 12:23:25'),
(':/0131001a', 'marinac', '2016-06-02 12:23:25'),
('3-.:12611', 'marinac', '2016-06-02 12:23:25'),
('-:1:451530', 'marinac', '2016-06-02 12:23:25'),
('1161:641', 'korisnik', '2016-06-14 14:02:40'),
('260-41-611', 'korisnik2', '2016-06-14 14:18:39'),
(':662:1:-6.', 'jedan', '2016-06-14 19:54:04');

-- --------------------------------------------------------

--
-- Tablična struktura za tablicu `crne_liste`
--

CREATE TABLE IF NOT EXISTS `crne_liste` (
  `menza` int(11) NOT NULL,
  `korisnik` int(11) NOT NULL,
  `datum_pocetka` date NOT NULL,
  `datum_zavrsetka` date NOT NULL,
  PRIMARY KEY (`menza`,`korisnik`,`datum_pocetka`),
  KEY `korisnik` (`korisnik`)
) ENGINE=InnoDB DEFAULT CHARSET=utf8;

--
-- Izbacivanje podataka za tablicu `crne_liste`
--

INSERT INTO `crne_liste` (`menza`, `korisnik`, `datum_pocetka`, `datum_zavrsetka`) VALUES
(1, 13, '2016-05-31', '2016-06-05'),
(2, 6, '2016-05-23', '2016-05-27'),
(4, 14, '2016-06-14', '2016-06-21');

-- --------------------------------------------------------

--
-- Tablična struktura za tablicu `dnevnik`
--

CREATE TABLE IF NOT EXISTS `dnevnik` (
  `korisnik` int(11) DEFAULT NULL,
  `akcija` varchar(150) NOT NULL,
  `datum` date NOT NULL,
  `vrijeme` time NOT NULL,
  KEY `korisnik` (`korisnik`)
) ENGINE=InnoDB DEFAULT CHARSET=utf8;

--
-- Izbacivanje podataka za tablicu `dnevnik`
--

INSERT INTO `dnevnik` (`korisnik`, `akcija`, `datum`, `vrijeme`) VALUES
(6, 'vrijeme.php', '0000-00-00', '09:25:59'),
(6, 'index.php', '2016-06-02', '09:27:15'),
(6, 'index.php', '2016-06-02', '09:27:15'),
(6, 'menze.php', '2016-06-02', '09:27:17'),
(6, 'menze.php', '2016-06-02', '09:27:17'),
(6, 'index.php', '2016-06-02', '09:27:18'),
(6, 'index.php', '2016-06-02', '09:27:18'),
(6, 'pregled_rezervacija.php', '2016-06-02', '09:27:19'),
(6, 'pregled_rezervacija.php', '2016-06-02', '09:27:19'),
(6, 'index.php', '2016-06-02', '09:27:20'),
(6, 'index.php', '2016-06-02', '09:27:20'),
(6, 'postavke.php', '2016-06-02', '09:27:28'),
(6, 'postavke.php', '2016-06-02', '09:27:28'),
(6, 'index.php', '2016-06-02', '09:27:30'),
(6, 'index.php', '2016-06-02', '09:27:30'),
(6, 'index.php', '2016-06-02', '09:28:07'),
(6, 'index.php', '2016-06-02', '09:28:07'),
(6, 'posjecenost.php', '2016-06-02', '09:28:10'),
(6, 'posjecenost.php', '2016-06-02', '09:28:10'),
(6, 'posjecenost.php', '2016-06-02', '09:28:22'),
(6, 'posjecenost.php', '2016-06-02', '09:28:22'),
(6, 'posjecenost.php', '2016-06-02', '09:28:29'),
(6, 'posjecenost.php', '2016-06-02', '09:28:29'),
(6, 'posjecenost.php', '2016-06-02', '09:28:32'),
(6, 'posjecenost.php', '2016-06-02', '09:28:32'),
(6, 'posjecenost.php', '2016-06-02', '09:33:17'),
(6, 'posjecenost.php', '2016-06-02', '09:33:17'),
(6, 'posjecenost.php', '2016-06-02', '09:34:00'),
(6, 'posjecenost.php', '2016-06-02', '09:34:00'),
(6, 'posjecenost.php', '2016-06-02', '09:34:35'),
(6, 'posjecenost.php', '2016-06-02', '09:34:35'),
(6, 'posjecenost.php', '2016-06-02', '09:38:44'),
(6, 'posjecenost.php', '2016-06-02', '09:38:44'),
(6, 'posjecenost.php', '2016-06-02', '09:38:47'),
(6, 'posjecenost.php', '2016-06-02', '09:38:47'),
(6, 'posjecenost.php', '2016-06-02', '09:38:49'),
(6, 'posjecenost.php', '2016-06-02', '09:38:49'),
(6, 'posjecenost.php', '2016-06-02', '09:38:52'),
(6, 'posjecenost.php', '2016-06-02', '09:38:52'),
(6, 'posjecenost.php', '2016-06-02', '09:38:58'),
(6, 'posjecenost.php', '2016-06-02', '09:38:58'),
(6, 'posjecenost.php', '2016-06-02', '09:39:07'),
(6, 'posjecenost.php', '2016-06-02', '09:39:07'),
(6, 'posjecenost.php', '2016-06-02', '09:41:08'),
(6, 'posjecenost.php', '2016-06-02', '09:41:09'),
(6, 'posjecenost.php', '2016-06-02', '09:41:14'),
(6, 'posjecenost.php', '2016-06-02', '09:41:14'),
(6, 'posjecenost.php', '2016-06-02', '09:42:09'),
(6, 'posjecenost.php', '2016-06-02', '09:42:09'),
(6, 'posjecenost.php', '2016-06-02', '09:42:15'),
(6, 'posjecenost.php', '2016-06-02', '09:42:15'),
(6, 'posjecenost.php', '2016-06-02', '09:48:32'),
(6, 'posjecenost.php', '2016-06-02', '09:48:32'),
(6, 'posjecenost.php', '2016-06-02', '09:48:34'),
(6, 'posjecenost.php', '2016-06-02', '09:48:34'),
(6, 'posjecenost.php', '2016-06-02', '09:48:41'),
(6, 'posjecenost.php', '2016-06-02', '09:48:41'),
(6, 'posjecenost.php', '2016-06-02', '09:49:27'),
(6, 'posjecenost.php', '2016-06-02', '09:49:27'),
(6, 'posjecenost.php', '2016-06-02', '09:49:29'),
(6, 'posjecenost.php', '2016-06-02', '09:49:29'),
(6, 'posjecenost.php', '2016-06-02', '09:49:36'),
(6, 'posjecenost.php', '2016-06-02', '09:49:36'),
(6, 'posjecenost.php', '2016-06-02', '09:50:13'),
(6, 'posjecenost.php', '2016-06-02', '09:50:13'),
(6, 'posjecenost.php', '2016-06-02', '09:50:15'),
(6, 'posjecenost.php', '2016-06-02', '09:50:16'),
(6, 'posjecenost.php', '2016-06-02', '09:52:35'),
(6, 'posjecenost.php', '2016-06-02', '09:52:35'),
(6, 'posjecenost.php', '2016-06-02', '09:52:38'),
(6, 'posjecenost.php', '2016-06-02', '09:52:38'),
(6, 'posjecenost.php', '2016-06-02', '09:52:54'),
(6, 'posjecenost.php', '2016-06-02', '09:52:54'),
(6, 'posjecenost.php', '2016-06-02', '09:52:56'),
(6, 'posjecenost.php', '2016-06-02', '09:52:56'),
(6, 'posjecenost.php', '2016-06-02', '09:53:02'),
(6, 'posjecenost.php', '2016-06-02', '09:53:02'),
(6, 'posjecenost.php', '2016-06-02', '09:53:09'),
(6, 'posjecenost.php', '2016-06-02', '09:53:09'),
(6, 'posjecenost.php', '2016-06-02', '09:54:44'),
(6, 'posjecenost.php', '2016-06-02', '09:54:44'),
(6, 'posjecenost.php', '2016-06-02', '09:55:14'),
(6, 'posjecenost.php', '2016-06-02', '09:55:14'),
(6, 'posjecenost.php', '2016-06-02', '09:55:21'),
(6, 'posjecenost.php', '2016-06-02', '09:55:21'),
(6, 'posjecenost.php', '2016-06-02', '09:56:54'),
(6, 'posjecenost.php', '2016-06-02', '09:56:54'),
(6, 'posjecenost.php', '2016-06-02', '09:57:00'),
(6, 'posjecenost.php', '2016-06-02', '09:57:00'),
(6, 'posjecenost.php', '2016-06-02', '09:57:21'),
(6, 'posjecenost.php', '2016-06-02', '09:57:21'),
(6, 'posjecenost.php', '2016-06-02', '09:57:26'),
(6, 'posjecenost.php', '2016-06-02', '09:57:28'),
(6, 'posjecenost.php', '2016-06-02', '09:58:03'),
(6, 'posjecenost.php', '2016-06-02', '09:58:03'),
(6, 'posjecenost.php', '2016-06-02', '09:58:07'),
(6, 'posjecenost.php', '2016-06-02', '09:58:07'),
(6, 'posjecenost.php', '2016-06-02', '09:58:13'),
(6, 'posjecenost.php', '2016-06-02', '09:58:13'),
(6, 'posjecenost.php', '2016-06-02', '09:59:13'),
(6, 'posjecenost.php', '2016-06-02', '09:59:13'),
(6, 'posjecenost.php', '2016-06-02', '09:59:18'),
(6, 'posjecenost.php', '2016-06-02', '09:59:18'),
(6, 'posjecenost.php', '2016-06-02', '09:59:42'),
(6, 'posjecenost.php', '2016-06-02', '09:59:42'),
(6, 'posjecenost.php', '2016-06-02', '10:00:27'),
(6, 'posjecenost.php', '2016-06-02', '10:00:27'),
(6, 'posjecenost.php', '2016-06-02', '10:00:30'),
(6, 'posjecenost.php', '2016-06-02', '10:00:30'),
(6, 'posjecenost.php', '2016-06-02', '10:00:35'),
(6, 'posjecenost.php', '2016-06-02', '10:00:35'),
(6, 'posjecenost.php', '2016-06-02', '10:01:00'),
(6, 'posjecenost.php', '2016-06-02', '10:01:00'),
(6, 'posjecenost.php', '2016-06-02', '10:01:04'),
(6, 'posjecenost.php', '2016-06-02', '10:01:04'),
(6, 'posjecenost.php', '2016-06-02', '10:01:22'),
(6, 'posjecenost.php', '2016-06-02', '10:01:23'),
(6, 'posjecenost.php', '2016-06-02', '10:01:44'),
(6, 'posjecenost.php', '2016-06-02', '10:01:44'),
(6, 'posjecenost.php', '2016-06-02', '10:01:47'),
(6, 'posjecenost.php', '2016-06-02', '10:01:47'),
(6, 'posjecenost.php', '2016-06-02', '10:02:09'),
(6, 'posjecenost.php', '2016-06-02', '10:02:09'),
(6, 'posjecenost.php', '2016-06-02', '10:02:11'),
(6, 'posjecenost.php', '2016-06-02', '10:02:11'),
(6, 'posjecenost.php', '2016-06-02', '10:03:09'),
(6, 'posjecenost.php', '2016-06-02', '10:03:09'),
(6, 'posjecenost.php', '2016-06-02', '10:03:15'),
(6, 'posjecenost.php', '2016-06-02', '10:03:15'),
(6, 'posjecenost.php', '2016-06-02', '10:03:21'),
(6, 'posjecenost.php', '2016-06-02', '10:03:22'),
(6, 'posjecenost.php', '2016-06-02', '10:03:26'),
(6, 'posjecenost.php', '2016-06-02', '10:03:26'),
(6, 'posjecenost.php', '2016-06-02', '10:03:33'),
(6, 'posjecenost.php', '2016-06-02', '10:03:33'),
(6, 'posjecenost.php', '2016-06-02', '10:03:38'),
(6, 'posjecenost.php', '2016-06-02', '10:03:41'),
(6, 'posjecenost.php', '2016-06-02', '10:03:43'),
(6, 'posjecenost.php', '2016-06-02', '10:03:43'),
(6, 'posjecenost.php', '2016-06-02', '10:03:44'),
(6, 'posjecenost.php', '2016-06-02', '10:03:44'),
(6, 'posjecenost.php', '2016-06-02', '10:04:52'),
(6, 'posjecenost.php', '2016-06-02', '10:04:52'),
(6, 'posjecenost.php', '2016-06-02', '10:04:57'),
(6, 'posjecenost.php', '2016-06-02', '10:04:57'),
(6, 'posjecenost.php', '2016-06-02', '10:05:00'),
(6, 'posjecenost.php', '2016-06-02', '10:05:00'),
(6, 'posjecenost.php', '2016-06-02', '10:05:06'),
(6, 'posjecenost.php', '2016-06-02', '10:05:06'),
(6, 'posjecenost.php', '2016-06-02', '10:05:23'),
(6, 'posjecenost.php', '2016-06-02', '10:05:23'),
(6, 'posjecenost.php', '2016-06-02', '10:05:26'),
(6, 'posjecenost.php', '2016-06-02', '10:05:26'),
(6, 'posjecenost.php', '2016-06-02', '10:05:40'),
(6, 'posjecenost.php', '2016-06-02', '10:05:40'),
(6, 'posjecenost.php', '2016-06-02', '10:05:44'),
(6, 'posjecenost.php', '2016-06-02', '10:05:44'),
(6, 'posjecenost.php', '2016-06-02', '10:06:04'),
(6, 'posjecenost.php', '2016-06-02', '10:06:04'),
(6, 'posjecenost.php', '2016-06-02', '10:06:06'),
(6, 'posjecenost.php', '2016-06-02', '10:06:06'),
(6, 'posjecenost.php', '2016-06-02', '10:08:34'),
(6, 'posjecenost.php', '2016-06-02', '10:08:34'),
(6, 'posjecenost.php', '2016-06-02', '10:08:51'),
(6, 'posjecenost.php', '2016-06-02', '10:08:51'),
(6, 'posjecenost.php', '2016-06-02', '10:09:12'),
(6, 'posjecenost.php', '2016-06-02', '10:09:12'),
(6, 'posjecenost.php', '2016-06-02', '10:09:13'),
(6, 'posjecenost.php', '2016-06-02', '10:09:13'),
(6, 'posjecenost.php', '2016-06-02', '10:09:17'),
(6, 'posjecenost.php', '2016-06-02', '10:09:17'),
(6, 'posjecenost.php', '2016-06-02', '10:09:21'),
(6, 'posjecenost.php', '2016-06-02', '10:09:21'),
(6, 'posjecenost.php', '2016-06-02', '10:09:24'),
(6, 'posjecenost.php', '2016-06-02', '10:09:24'),
(6, 'posjecenost.php', '2016-06-02', '10:09:25'),
(6, 'posjecenost.php', '2016-06-02', '10:09:25'),
(6, 'posjecenost.php', '2016-06-02', '10:09:48'),
(6, 'posjecenost.php', '2016-06-02', '10:09:48'),
(6, 'posjecenost.php', '2016-06-02', '10:09:49'),
(6, 'posjecenost.php', '2016-06-02', '10:09:49'),
(6, 'posjecenost.php', '2016-06-02', '10:09:53'),
(6, 'posjecenost.php', '2016-06-02', '10:09:53'),
(6, 'posjecenost.php', '2016-06-02', '10:10:33'),
(6, 'posjecenost.php', '2016-06-02', '10:10:33'),
(6, 'posjecenost.php', '2016-06-02', '10:10:34'),
(6, 'posjecenost.php', '2016-06-02', '10:10:34'),
(6, 'posjecenost.php', '2016-06-02', '10:10:38'),
(6, 'posjecenost.php', '2016-06-02', '10:10:38'),
(6, 'posjecenost.php', '2016-06-02', '10:10:45'),
(6, 'posjecenost.php', '2016-06-02', '10:10:45'),
(6, 'posjecenost.php', '2016-06-02', '10:10:52'),
(6, 'posjecenost.php', '2016-06-02', '10:10:52'),
(6, 'posjecenost.php', '2016-06-02', '10:11:02'),
(6, 'posjecenost.php', '2016-06-02', '10:11:02'),
(6, 'posjecenost.php', '2016-06-02', '10:11:47'),
(6, 'posjecenost.php', '2016-06-02', '10:11:47'),
(6, 'posjecenost.php', '2016-06-02', '10:13:25'),
(6, 'posjecenost.php', '2016-06-02', '10:13:25'),
(6, 'posjecenost.php', '2016-06-02', '10:13:26'),
(6, 'posjecenost.php', '2016-06-02', '10:13:26'),
(6, 'posjecenost.php', '2016-06-02', '10:13:39'),
(6, 'posjecenost.php', '2016-06-02', '10:13:39'),
(6, 'posjecenost.php', '2016-06-02', '10:13:42'),
(6, 'posjecenost.php', '2016-06-02', '10:13:42'),
(6, 'posjecenost.php', '2016-06-02', '10:13:44'),
(6, 'posjecenost.php', '2016-06-02', '10:13:44'),
(6, 'posjecenost.php', '2016-06-02', '10:13:46'),
(6, 'posjecenost.php', '2016-06-02', '10:13:46'),
(6, 'posjecenost.php', '2016-06-02', '10:13:51'),
(6, 'posjecenost.php', '2016-06-02', '10:13:51'),
(6, 'posjecenost.php', '2016-06-02', '10:13:58'),
(6, 'posjecenost.php', '2016-06-02', '10:13:58'),
(6, 'posjecenost.php', '2016-06-02', '10:14:24'),
(6, 'posjecenost.php', '2016-06-02', '10:14:24'),
(6, 'posjecenost.php', '2016-06-02', '10:14:26'),
(6, 'posjecenost.php', '2016-06-02', '10:14:26'),
(6, 'posjecenost.php', '2016-06-02', '10:14:28'),
(6, 'posjecenost.php', '2016-06-02', '10:14:28'),
(6, 'posjecenost.php', '2016-06-02', '10:14:33'),
(6, 'posjecenost.php', '2016-06-02', '10:14:33'),
(6, 'posjecenost.php', '2016-06-02', '10:14:56'),
(6, 'posjecenost.php', '2016-06-02', '10:14:56'),
(6, 'posjecenost.php', '2016-06-02', '10:14:57'),
(6, 'posjecenost.php', '2016-06-02', '10:14:57'),
(6, 'posjecenost.php', '2016-06-02', '10:15:04'),
(6, 'posjecenost.php', '2016-06-02', '10:15:04'),
(6, 'posjecenost.php', '2016-06-02', '10:15:41'),
(6, 'posjecenost.php', '2016-06-02', '10:15:41'),
(6, 'posjecenost.php', '2016-06-02', '10:15:43'),
(6, 'posjecenost.php', '2016-06-02', '10:15:43'),
(6, 'posjecenost.php', '2016-06-02', '10:16:26'),
(6, 'posjecenost.php', '2016-06-02', '10:16:26'),
(6, 'posjecenost.php', '2016-06-02', '10:16:28'),
(6, 'posjecenost.php', '2016-06-02', '10:16:28'),
(6, 'posjecenost.php', '2016-06-02', '10:16:36'),
(6, 'posjecenost.php', '2016-06-02', '10:16:36'),
(6, 'posjecenost.php', '2016-06-02', '10:16:51'),
(6, 'posjecenost.php', '2016-06-02', '10:16:51'),
(6, 'posjecenost.php', '2016-06-02', '10:16:53'),
(6, 'posjecenost.php', '2016-06-02', '10:16:53'),
(6, 'posjecenost.php', '2016-06-02', '10:18:14'),
(6, 'posjecenost.php', '2016-06-02', '10:18:14'),
(6, 'posjecenost.php', '2016-06-02', '10:18:18'),
(6, 'posjecenost.php', '2016-06-02', '10:18:18'),
(6, 'posjecenost.php', '2016-06-02', '10:18:20'),
(6, 'posjecenost.php', '2016-06-02', '10:18:20'),
(6, 'posjecenost.php', '2016-06-02', '10:18:33'),
(6, 'posjecenost.php', '2016-06-02', '10:18:33'),
(6, 'posjecenost.php', '2016-06-02', '10:21:50'),
(6, 'posjecenost.php', '2016-06-02', '10:21:50'),
(6, 'posjecenost.php', '2016-06-02', '10:22:10'),
(6, 'posjecenost.php', '2016-06-02', '10:22:10'),
(6, 'posjecenost.php', '2016-06-02', '10:25:10'),
(6, 'posjecenost.php', '2016-06-02', '10:25:10'),
(6, 'posjecenost.php', '2016-06-02', '10:25:13'),
(6, 'posjecenost.php', '2016-06-02', '10:25:13'),
(6, 'postavke.php', '2016-06-02', '10:25:39'),
(6, 'postavke.php', '2016-06-02', '10:25:41'),
(6, 'dodaj_menzu.php?uredi=f', '2016-06-02', '10:25:58'),
(6, 'dodaj_menzu.php?uredi=f', '2016-06-02', '10:25:58'),
(6, 'postavke.php', '2016-06-02', '10:26:00'),
(6, 'postavke.php', '2016-06-02', '10:26:00'),
(6, 'dodaj_menzu.php?uredi=f', '2016-06-02', '10:26:14'),
(6, 'dodaj_menzu.php?uredi=f', '2016-06-02', '10:26:14'),
(6, 'postavke.php', '2016-06-02', '10:26:21'),
(6, 'postavke.php', '2016-06-02', '10:26:21'),
(6, 'postavke.php', '2016-06-02', '10:30:59'),
(6, 'postavke.php', '2016-06-02', '10:30:59'),
(6, 'dodaj_menzu.php?uredi=f', '2016-06-02', '10:31:01'),
(6, 'dodaj_menzu.php?uredi=f', '2016-06-02', '10:31:02'),
(6, 'postavke.php', '2016-06-02', '10:31:03'),
(6, 'postavke.php', '2016-06-02', '10:31:03'),
(6, 'postavke.php', '2016-06-02', '10:33:31'),
(6, 'postavke.php', '2016-06-02', '10:33:31'),
(6, 'postavke.php', '2016-06-02', '10:33:57'),
(6, 'postavke.php', '2016-06-02', '10:33:57'),
(6, 'dodaj_menzu.php?uredi=t&id=1', '2016-06-02', '10:33:58'),
(6, 'dodaj_menzu.php?uredi=t&id=1', '2016-06-02', '10:33:58'),
(6, 'dodaj_menzu.php?uredi=t&id=1', '2016-06-02', '10:34:29'),
(6, 'dodaj_menzu.php?uredi=t&id=1', '2016-06-02', '10:34:29'),
(6, 'dodaj_menzu.php?uredi=t&id=1', '2016-06-02', '10:35:41'),
(6, 'dodaj_menzu.php?uredi=t&id=1', '2016-06-02', '10:35:41'),
(6, 'dodaj_menzu.php?uredi=t&id=1', '2016-06-02', '10:37:58'),
(6, 'dodaj_menzu.php?uredi=t&id=1', '2016-06-02', '10:37:58'),
(6, 'dodaj_menzu.php?uredi=t&id=1', '2016-06-02', '10:38:06'),
(6, 'dodaj_menzu.php?uredi=t&id=1', '2016-06-02', '10:38:06'),
(6, 'dodaj_menzu.php?uredi=t&id=1', '2016-06-02', '10:39:58'),
(6, 'dodaj_menzu.php?uredi=t&id=1', '2016-06-02', '10:39:58'),
(6, 'dodaj_menzu.php?uredi=t&id=1', '2016-06-02', '10:40:06'),
(6, 'dodaj_menzu.php?uredi=t&id=1', '2016-06-02', '10:40:06'),
(6, 'postavke.php', '2016-06-02', '10:40:06'),
(6, 'postavke.php', '2016-06-02', '10:40:06'),
(6, 'postavke.php', '2016-06-02', '10:43:47'),
(6, 'postavke.php', '2016-06-02', '10:43:47'),
(6, 'postavke.php', '2016-06-02', '10:44:32'),
(6, 'postavke.php', '2016-06-02', '10:44:32'),
(6, 'postavke.php', '2016-06-02', '10:44:34'),
(6, 'postavke.php', '2016-06-02', '10:44:34'),
(6, 'postavke.php', '2016-06-02', '10:44:47'),
(6, 'postavke.php', '2016-06-02', '10:44:47'),
(6, 'postavke.php', '2016-06-02', '10:45:28'),
(6, 'postavke.php', '2016-06-02', '10:45:28'),
(6, 'dodaj_menzu.php?uredi=t&id=1', '2016-06-02', '10:45:30'),
(6, 'dodaj_menzu.php?uredi=t&id=1', '2016-06-02', '10:45:30'),
(6, 'dodaj_menzu.php?uredi=t&id=1', '2016-06-02', '10:45:38'),
(6, 'dodaj_menzu.php?uredi=t&id=1', '2016-06-02', '10:45:38'),
(6, 'postavke.php', '2016-06-02', '10:45:38'),
(6, 'postavke.php', '2016-06-02', '10:45:38'),
(6, 'postavke.php', '2016-06-02', '10:45:45'),
(6, 'postavke.php', '2016-06-02', '10:45:45'),
(6, 'postavke.php', '2016-06-02', '10:46:14'),
(6, 'postavke.php', '2016-06-02', '10:46:14'),
(6, 'postavke.php', '2016-06-02', '10:46:15'),
(6, 'postavke.php', '2016-06-02', '10:46:15'),
(6, 'dodaj_menzu.php?uredi=t&id=1', '2016-06-02', '10:46:19'),
(6, 'dodaj_menzu.php?uredi=t&id=1', '2016-06-02', '10:46:19'),
(6, 'dodaj_menzu.php?uredi=t&id=1', '2016-06-02', '10:46:28'),
(6, 'dodaj_menzu.php?uredi=t&id=1', '2016-06-02', '10:46:28'),
(6, 'postavke.php', '2016-06-02', '10:46:28'),
(6, 'postavke.php', '2016-06-02', '10:46:28'),
(6, 'dodaj_menzu.php?uredi=t&id=1', '2016-06-02', '10:46:36'),
(6, 'dodaj_menzu.php?uredi=t&id=1', '2016-06-02', '10:46:36'),
(6, 'postavke.php', '2016-06-02', '10:46:53'),
(6, 'postavke.php', '2016-06-02', '10:46:53'),
(6, 'postavke.php', '2016-06-02', '10:46:55'),
(6, 'postavke.php', '2016-06-02', '10:46:55'),
(6, 'postavke.php', '2016-06-02', '10:46:56'),
(6, 'postavke.php', '2016-06-02', '10:46:56'),
(6, 'dodaj_menzu.php?uredi=t&id=1', '2016-06-02', '10:46:58'),
(6, 'dodaj_menzu.php?uredi=t&id=1', '2016-06-02', '10:46:58'),
(6, 'dodaj_menzu.php?uredi=t&id=1', '2016-06-02', '10:47:09'),
(6, 'dodaj_menzu.php?uredi=t&id=1', '2016-06-02', '10:47:09'),
(6, 'postavke.php', '2016-06-02', '10:47:09'),
(6, 'postavke.php', '2016-06-02', '10:47:09'),
(6, 'dodaj_menzu.php?uredi=t&id=1', '2016-06-02', '10:47:18'),
(6, 'dodaj_menzu.php?uredi=t&id=1', '2016-06-02', '10:47:18'),
(6, 'dodaj_menzu.php?uredi=t&id=1', '2016-06-02', '10:47:32'),
(6, 'dodaj_menzu.php?uredi=t&id=1', '2016-06-02', '10:47:32'),
(6, 'postavke.php', '2016-06-02', '10:47:32'),
(6, 'postavke.php', '2016-06-02', '10:47:32'),
(6, 'postavke.php', '2016-06-02', '10:48:02'),
(6, 'postavke.php', '2016-06-02', '10:48:02'),
(6, 'dodaj_menzu.php?uredi=t&id=1', '2016-06-02', '10:48:03'),
(6, 'dodaj_menzu.php?uredi=t&id=1', '2016-06-02', '10:48:03'),
(6, 'dodaj_menzu.php?uredi=t&id=1', '2016-06-02', '10:48:23'),
(6, 'dodaj_menzu.php?uredi=t&id=1', '2016-06-02', '10:48:23'),
(6, 'dodaj_menzu.php?uredi=t&id=1', '2016-06-02', '10:48:31'),
(6, 'dodaj_menzu.php?uredi=t&id=1', '2016-06-02', '10:48:31'),
(6, 'postavke.php', '2016-06-02', '10:48:31'),
(6, 'postavke.php', '2016-06-02', '10:48:31'),
(6, 'dodaj_menzu.php?uredi=t&id=1', '2016-06-02', '10:48:34'),
(6, 'dodaj_menzu.php?uredi=t&id=1', '2016-06-02', '10:48:34'),
(6, 'dodaj_menzu.php?uredi=t&id=1', '2016-06-02', '10:48:37'),
(6, 'dodaj_menzu.php?uredi=t&id=1', '2016-06-02', '10:48:37'),
(6, 'postavke.php', '2016-06-02', '10:48:37'),
(6, 'postavke.php', '2016-06-02', '10:48:37'),
(6, 'dodaj_moderatora.php?uredi=f', '2016-06-02', '10:49:28'),
(6, 'dodaj_moderatora.php?uredi=f', '2016-06-02', '10:49:28'),
(6, 'postavke.php', '2016-06-02', '10:49:32'),
(6, 'postavke.php', '2016-06-02', '10:49:32'),
(6, 'dodaj_moderatora.php?uredi=f', '2016-06-02', '10:49:41'),
(6, 'dodaj_moderatora.php?uredi=f', '2016-06-02', '10:49:41'),
(6, 'dodaj_moderatora.php?uredi=f', '2016-06-02', '10:57:11'),
(6, 'dodaj_moderatora.php?uredi=f', '2016-06-02', '10:57:11'),
(6, 'dodaj_moderatora.php?uredi=f', '2016-06-02', '10:58:20'),
(6, 'dodaj_moderatora.php?uredi=f', '2016-06-02', '10:58:20'),
(6, 'dodaj_moderatora.php?uredi=f', '2016-06-02', '10:59:21'),
(6, 'dodaj_moderatora.php?uredi=f', '2016-06-02', '10:59:21'),
(6, 'dodaj_moderatora.php?uredi=t&k=1&m=1', '2016-06-02', '10:59:38'),
(6, 'dodaj_moderatora.php?uredi=t&k=1&m=1', '2016-06-02', '10:59:39'),
(6, 'dodaj_moderatora.php?uredi=t&k=6&m=1', '2016-06-02', '10:59:48'),
(6, 'dodaj_moderatora.php?uredi=t&k=6&m=1', '2016-06-02', '10:59:48'),
(6, 'postavke.php', '2016-06-02', '11:02:19'),
(6, 'postavke.php', '2016-06-02', '11:02:19'),
(6, 'dodaj_moderatora.php?uredi=t&k=6&m=2', '2016-06-02', '11:02:24'),
(6, 'dodaj_moderatora.php?uredi=t&k=6&m=2', '2016-06-02', '11:02:24'),
(6, 'postavke.php', '2016-06-02', '11:02:26'),
(6, 'postavke.php', '2016-06-02', '11:02:26'),
(6, 'postavke.php', '2016-06-02', '11:05:43'),
(6, 'postavke.php', '2016-06-02', '11:05:43'),
(6, 'postavke.php', '2016-06-02', '11:05:46'),
(6, 'postavke.php', '2016-06-02', '11:05:46'),
(6, 'postavke.php', '2016-06-02', '11:35:23'),
(6, 'postavke.php', '2016-06-02', '11:35:23'),
(6, 'postavke.php', '2016-06-02', '11:36:06'),
(6, 'postavke.php', '2016-06-02', '11:36:06'),
(6, 'postavke.php', '2016-06-02', '11:36:17'),
(6, 'postavke.php', '2016-06-02', '11:36:17'),
(6, 'postavke.php', '2016-06-02', '11:36:26'),
(6, 'postavke.php', '2016-06-02', '11:36:26'),
(6, 'postavke.php', '2016-06-02', '11:37:57'),
(6, 'postavke.php', '2016-06-02', '11:37:57'),
(6, 'postavke.php', '2016-06-02', '11:38:09'),
(6, 'postavke.php', '2016-06-02', '11:38:10'),
(6, 'postavke.php', '2016-06-02', '11:40:35'),
(6, 'postavke.php', '2016-06-02', '11:40:35'),
(6, 'postavke.php', '2016-06-02', '11:40:45'),
(6, 'postavke.php', '2016-06-02', '11:40:45'),
(6, 'postavke.php', '2016-06-02', '11:40:54'),
(6, 'postavke.php', '2016-06-02', '11:40:54'),
(6, 'postavke.php', '2016-06-02', '11:41:24'),
(6, 'postavke.php', '2016-06-02', '11:41:24'),
(6, 'postavke.php', '2016-06-02', '11:56:02'),
(6, 'postavke.php', '2016-06-02', '11:56:02'),
(6, 'postavke.php', '2016-06-02', '11:58:09'),
(6, 'postavke.php', '2016-06-02', '11:58:09'),
(6, 'postavke.php', '2016-06-02', '11:58:13'),
(6, 'postavke.php', '2016-06-02', '11:58:13'),
(6, 'postavke.php', '2016-06-02', '11:58:16'),
(6, 'postavke.php', '2016-06-02', '11:58:16'),
(6, 'postavke.php', '2016-06-02', '12:05:36'),
(6, 'postavke.php', '2016-06-02', '12:05:36'),
(6, 'postavke.php', '2016-06-02', '12:05:36'),
(6, 'postavke.php', '2016-06-02', '12:05:36'),
(6, 'postavke.php', '2016-06-02', '12:06:28'),
(6, 'postavke.php', '2016-06-02', '12:06:28'),
(6, 'postavke.php', '2016-06-02', '12:22:04'),
(6, 'postavke.php', '2016-06-02', '12:22:04'),
(6, 'postavke.php', '2016-06-02', '12:22:22'),
(6, 'postavke.php', '2016-06-02', '12:22:22'),
(6, 'postavke.php', '2016-06-02', '12:22:29'),
(6, 'postavke.php', '2016-06-02', '12:22:29'),
(6, 'postavke.php', '2016-06-02', '12:23:25'),
(6, 'postavke.php', '2016-06-02', '12:23:25'),
(6, 'postavke.php', '2016-06-02', '12:25:00'),
(6, 'postavke.php', '2016-06-02', '12:25:00'),
(6, 'postavke.php', '2016-06-02', '12:25:35'),
(6, 'postavke.php', '2016-06-02', '12:25:35'),
(6, 'postavke.php', '2016-06-02', '12:25:41'),
(6, 'postavke.php', '2016-06-02', '12:25:41'),
(6, 'postavke.php', '2016-06-02', '12:28:06'),
(6, 'postavke.php', '2016-06-02', '12:28:06'),
(6, 'postavke.php', '2016-06-02', '12:28:15'),
(6, 'postavke.php', '2016-06-02', '12:28:15'),
(6, 'postavke.php', '2016-06-02', '12:28:36'),
(6, 'postavke.php', '2016-06-02', '12:28:36'),
(6, 'postavke.php', '2016-06-02', '12:28:39'),
(6, 'postavke.php', '2016-06-02', '12:28:39'),
(6, 'postavke.php', '2016-06-02', '12:28:45'),
(6, 'postavke.php', '2016-06-02', '12:28:45'),
(6, 'postavke.php', '2016-06-02', '12:29:21'),
(6, 'postavke.php', '2016-06-02', '12:29:21'),
(6, 'postavke.php', '2016-06-02', '12:29:24'),
(6, 'postavke.php', '2016-06-02', '12:29:24'),
(NULL, 'postavke.php', '2016-06-02', '13:28:55'),
(NULL, 'postavke.php', '2016-06-02', '13:28:55'),
(NULL, 'postavke.php', '2016-06-02', '13:49:19'),
(NULL, 'postavke.php', '2016-06-02', '13:49:19'),
(NULL, 'postavke.php', '2016-06-02', '13:49:28'),
(NULL, 'postavke.php', '2016-06-02', '13:49:28'),
(NULL, 'postavke.php', '2016-06-02', '13:49:40'),
(NULL, 'postavke.php', '2016-06-02', '13:49:40'),
(NULL, 'index.php', '2016-06-02', '13:55:57'),
(NULL, 'index.php', '2016-06-02', '13:55:57'),
(NULL, 'prijava.php', '2016-06-02', '13:55:57'),
(NULL, 'prijava.php', '2016-06-02', '13:55:57'),
(NULL, 'menze.php', '2016-06-02', '13:55:58'),
(NULL, 'menze.php', '2016-06-02', '13:55:58'),
(NULL, 'index.php', '2016-06-02', '13:55:58'),
(NULL, 'index.php', '2016-06-02', '13:55:58'),
(NULL, 'prijava.php', '2016-06-02', '13:55:58'),
(NULL, 'prijava.php', '2016-06-02', '13:55:58'),
(NULL, 'prijava.php', '2016-06-02', '13:56:04'),
(NULL, 'prijava.php', '2016-06-02', '13:56:04'),
(6, 'index.php', '2016-06-02', '13:56:04'),
(6, 'index.php', '2016-06-02', '13:56:04'),
(6, 'postavke.php', '2016-06-02', '13:56:07'),
(6, 'postavke.php', '2016-06-02', '13:56:07'),
(6, 'postavke.php', '2016-06-02', '13:56:22'),
(6, 'postavke.php', '2016-06-02', '13:56:22'),
(6, 'postavke.php', '2016-06-02', '13:57:01'),
(6, 'postavke.php', '2016-06-02', '13:57:01'),
(6, 'index.php', '2016-06-02', '13:57:47'),
(6, 'index.php', '2016-06-02', '13:57:47'),
(6, 'postavke.php', '2016-06-02', '13:57:50'),
(6, 'postavke.php', '2016-06-02', '13:57:50'),
(6, 'postavke.php', '2016-06-02', '13:58:05'),
(6, 'postavke.php', '2016-06-02', '13:58:05'),
(6, 'postavke.php', '2016-06-02', '13:58:21'),
(6, 'postavke.php', '2016-06-02', '13:58:21'),
(6, 'postavke.php', '2016-06-02', '14:01:19'),
(6, 'postavke.php', '2016-06-02', '14:01:19'),
(6, 'postavke.php', '2016-06-02', '14:01:24'),
(6, 'postavke.php', '2016-06-02', '14:01:24'),
(6, 'postavke.php', '2016-06-02', '14:03:22'),
(6, 'postavke.php', '2016-06-02', '14:03:22'),
(6, 'postavke.php', '2016-06-02', '14:05:21'),
(6, 'postavke.php', '2016-06-02', '14:05:21'),
(6, 'postavke.php', '2016-06-02', '14:08:57'),
(6, 'postavke.php', '2016-06-02', '14:08:57'),
(6, 'postavke.php', '2016-06-02', '14:09:40'),
(6, 'postavke.php', '2016-06-02', '14:09:40'),
(NULL, '', '2016-06-04', '21:33:03'),
(NULL, '', '2016-06-04', '21:33:03'),
(NULL, 'prijava.php', '2016-06-04', '21:33:03'),
(NULL, 'prijava.php', '2016-06-04', '21:33:03'),
(NULL, 'prijava.php', '2016-06-06', '23:38:57'),
(NULL, 'prijava.php', '2016-06-06', '23:38:57'),
(NULL, 'registracija.php', '2016-06-06', '23:39:31'),
(NULL, 'registracija.php', '2016-06-06', '23:39:31'),
(NULL, '', '2016-06-06', '23:56:41'),
(NULL, '', '2016-06-06', '23:56:41'),
(NULL, 'prijava.php', '2016-06-06', '23:56:41'),
(NULL, 'prijava.php', '2016-06-06', '23:56:41'),
(NULL, '', '2016-06-07', '21:03:26'),
(NULL, '', '2016-06-07', '21:03:26'),
(NULL, 'prijava.php', '2016-06-07', '21:03:26'),
(NULL, 'prijava.php', '2016-06-07', '21:03:26'),
(NULL, '', '2016-06-08', '12:32:59'),
(NULL, '', '2016-06-08', '12:32:59'),
(NULL, 'prijava.php', '2016-06-08', '12:32:59'),
(NULL, 'prijava.php', '2016-06-08', '12:32:59'),
(NULL, 'index.php', '2016-06-08', '12:33:07'),
(NULL, 'index.php', '2016-06-08', '12:33:07'),
(NULL, 'prijava.php', '2016-06-08', '12:33:07'),
(NULL, 'prijava.php', '2016-06-08', '12:33:07'),
(NULL, 'menze.php', '2016-06-08', '12:33:09'),
(NULL, 'menze.php', '2016-06-08', '12:33:09'),
(NULL, '', '2016-06-09', '02:19:15'),
(NULL, '', '2016-06-09', '02:19:15'),
(NULL, 'prijava.php', '2016-06-09', '02:19:15'),
(NULL, 'prijava.php', '2016-06-09', '02:19:15'),
(NULL, '', '2016-06-10', '00:50:11'),
(NULL, '', '2016-06-10', '00:50:11'),
(NULL, 'prijava.php', '2016-06-10', '00:50:11'),
(NULL, 'prijava.php', '2016-06-10', '00:50:11'),
(NULL, 'registracija.php', '2016-06-10', '00:50:19'),
(NULL, 'registracija.php', '2016-06-10', '00:50:19'),
(NULL, 'registracija.php', '2016-06-10', '00:50:27'),
(NULL, 'registracija.php', '2016-06-10', '00:50:27'),
(NULL, 'registracija.php', '2016-06-10', '00:50:29'),
(NULL, 'registracija.php', '2016-06-10', '00:50:29'),
(NULL, 'registracija.php', '2016-06-10', '00:50:29'),
(NULL, 'registracija.php', '2016-06-10', '00:50:29'),
(NULL, 'registracija.php', '2016-06-10', '00:50:30'),
(NULL, 'registracija.php', '2016-06-10', '00:50:30'),
(NULL, 'registracija.php', '2016-06-10', '00:50:45'),
(NULL, 'registracija.php', '2016-06-10', '00:50:46'),
(NULL, '', '2016-06-10', '20:51:22'),
(NULL, '', '2016-06-10', '20:51:22'),
(NULL, 'prijava.php', '2016-06-10', '20:51:22'),
(NULL, 'prijava.php', '2016-06-10', '20:51:22'),
(NULL, 'menze.php', '2016-06-10', '20:51:25'),
(NULL, 'menze.php', '2016-06-10', '20:51:25'),
(NULL, '', '2016-06-13', '23:02:41'),
(NULL, '', '2016-06-13', '23:02:41'),
(NULL, 'prijava.php', '2016-06-13', '23:02:41'),
(NULL, 'prijava.php', '2016-06-13', '23:02:41'),
(NULL, '', '2016-06-14', '09:05:33'),
(NULL, '', '2016-06-14', '09:05:33'),
(NULL, 'prijava.php', '2016-06-14', '09:05:33'),
(NULL, 'prijava.php', '2016-06-14', '09:05:34'),
(NULL, 'prijava.php', '2016-06-14', '09:05:45'),
(NULL, 'prijava.php', '2016-06-14', '09:05:45'),
(NULL, 'prijava.php', '2016-06-14', '09:06:05'),
(NULL, 'prijava.php', '2016-06-14', '09:06:05'),
(6, 'index.php', '2016-06-14', '09:06:05'),
(6, 'index.php', '2016-06-14', '09:06:05'),
(6, 'menze.php', '2016-06-14', '09:06:09'),
(6, 'menze.php', '2016-06-14', '09:06:09'),
(6, 'statistika.php?', '2016-06-14', '09:06:15'),
(6, 'statistika.php?', '2016-06-14', '09:06:15'),
(6, 'index.php', '2016-06-14', '09:06:32'),
(6, 'index.php', '2016-06-14', '09:06:32'),
(6, 'postavke.php', '2016-06-14', '09:06:39'),
(6, 'postavke.php', '2016-06-14', '09:06:39'),
(6, 'dodaj_moderatora.php?uredi=f', '2016-06-14', '09:06:55'),
(6, 'dodaj_moderatora.php?uredi=f', '2016-06-14', '09:06:55'),
(6, 'dodaj_moderatora.php?uredi=f', '2016-06-14', '09:07:10'),
(6, 'dodaj_moderatora.php?uredi=f', '2016-06-14', '09:07:10'),
(6, 'postavke.php', '2016-06-14', '09:07:10'),
(6, 'postavke.php', '2016-06-14', '09:07:10'),
(6, 'index.php', '2016-06-14', '09:07:15'),
(6, 'index.php', '2016-06-14', '09:07:15'),
(6, 'menze.php', '2016-06-14', '09:07:21'),
(6, 'menze.php', '2016-06-14', '09:07:21'),
(6, 'dodavanje_meni.php', '2016-06-14', '09:07:25'),
(6, 'dodavanje_meni.php', '2016-06-14', '09:07:25'),
(6, 'dodavanje_meni.php', '2016-06-14', '09:07:53'),
(6, 'dodavanje_meni.php', '2016-06-14', '09:07:53'),
(6, 'menze.php', '2016-06-14', '09:07:53'),
(6, 'menze.php', '2016-06-14', '09:07:53'),
(6, 'menze.php', '2016-06-14', '09:07:55'),
(6, 'menze.php', '2016-06-14', '09:07:55'),
(6, 'menze.php', '2016-06-14', '09:07:57'),
(6, 'menze.php', '2016-06-14', '09:07:57'),
(6, 'like.php?svida=1&atr=1&id=4', '2016-06-14', '09:08:04'),
(6, 'like.php?svida=1&atr=1&id=4', '2016-06-14', '09:08:04'),
(6, 'menze.php', '2016-06-14', '09:08:06'),
(6, 'menze.php', '2016-06-14', '09:08:06'),
(6, 'like.php?svida=1&atr=0&id=20', '2016-06-14', '09:08:11'),
(6, 'like.php?svida=1&atr=0&id=20', '2016-06-14', '09:08:11'),
(6, 'menze.php', '2016-06-14', '09:08:11'),
(6, 'menze.php', '2016-06-14', '09:08:11'),
(6, 'rezervacija.php?id=20', '2016-06-14', '09:08:15'),
(6, 'rezervacija.php?id=20', '2016-06-14', '09:08:23'),
(6, 'index.php', '2016-06-14', '09:08:23'),
(6, 'index.php', '2016-06-14', '09:08:23'),
(6, 'pregled_rezervacija.php', '2016-06-14', '09:08:31'),
(6, 'pregled_rezervacija.php', '2016-06-14', '09:08:31'),
(6, 'pregled_rezervacija.php', '2016-06-14', '09:08:38'),
(6, 'pregled_rezervacija.php', '2016-06-14', '09:08:38'),
(6, 'pregled_rezervacija.php', '2016-06-14', '09:09:08'),
(6, 'pregled_rezervacija.php', '2016-06-14', '09:09:09'),
(6, 'index.php', '2016-06-14', '09:09:11'),
(6, 'index.php', '2016-06-14', '09:09:12'),
(6, 'galerija.php', '2016-06-14', '09:09:19'),
(6, 'galerija.php', '2016-06-14', '09:09:19'),
(6, 'menze.php', '2016-06-14', '09:09:28'),
(6, 'menze.php', '2016-06-14', '09:09:28'),
(6, 'index.php', '2016-06-14', '09:09:30'),
(6, 'index.php', '2016-06-14', '09:09:30'),
(6, 'posjecenost.php', '2016-06-14', '09:09:38'),
(6, 'posjecenost.php', '2016-06-14', '09:09:38'),
(6, 'index.php', '2016-06-14', '09:10:35'),
(6, 'index.php', '2016-06-14', '09:10:35'),
(NULL, 'odjava.php', '2016-06-14', '09:10:41'),
(NULL, 'odjava.php', '2016-06-14', '09:10:41'),
(NULL, 'prijava.php', '2016-06-14', '09:10:42'),
(NULL, 'prijava.php', '2016-06-14', '09:10:42'),
(NULL, '', '2016-06-14', '09:33:29'),
(NULL, '', '2016-06-14', '09:33:29'),
(NULL, 'prijava.php', '2016-06-14', '09:33:29'),
(NULL, 'prijava.php', '2016-06-14', '09:33:29'),
(NULL, 'prijava.php', '2016-06-14', '09:33:37'),
(NULL, 'prijava.php', '2016-06-14', '09:33:37'),
(6, 'index.php', '2016-06-14', '09:33:37'),
(6, 'index.php', '2016-06-14', '09:33:37'),
(6, 'postavke.php', '2016-06-14', '09:33:43'),
(6, 'postavke.php', '2016-06-14', '09:33:43'),
(6, 'postavke.php', '2016-06-14', '09:33:53'),
(6, 'postavke.php', '2016-06-14', '09:33:53'),
(6, 'postavke.php', '2016-06-14', '09:34:02'),
(6, 'postavke.php', '2016-06-14', '09:34:02'),
(6, 'postavke.php', '2016-06-14', '09:34:12'),
(6, 'postavke.php', '2016-06-14', '09:34:12'),
(6, 'postavke.php', '2016-06-14', '09:34:18'),
(6, 'postavke.php', '2016-06-14', '09:34:18'),
(6, 'postavke.php', '2016-06-14', '09:35:53'),
(6, 'postavke.php', '2016-06-14', '09:35:53'),
(6, 'postavke.php', '2016-06-14', '09:37:23'),
(6, 'postavke.php', '2016-06-14', '09:37:23'),
(6, 'postavke.php', '2016-06-14', '09:54:12'),
(6, 'postavke.php', '2016-06-14', '09:54:12'),
(6, 'postavke.php', '2016-06-14', '09:56:57'),
(6, 'postavke.php', '2016-06-14', '09:56:57'),
(6, 'postavke.php', '2016-06-14', '09:59:37'),
(6, 'postavke.php', '2016-06-14', '09:59:37'),
(6, 'postavke.php', '2016-06-14', '09:59:54'),
(6, 'postavke.php', '2016-06-14', '09:59:54'),
(6, 'postavke.php', '2016-06-14', '10:00:09'),
(6, 'postavke.php', '2016-06-14', '10:00:09'),
(6, 'postavke.php', '2016-06-14', '10:00:21'),
(6, 'postavke.php', '2016-06-14', '10:00:21'),
(6, 'postavke.php', '2016-06-14', '10:02:18'),
(6, 'postavke.php', '2016-06-14', '10:02:18'),
(6, 'postavke.php', '2016-06-14', '10:05:28'),
(6, 'postavke.php', '2016-06-14', '10:05:28'),
(6, 'postavke.php', '2016-06-14', '10:05:31'),
(6, 'postavke.php', '2016-06-14', '10:05:31'),
(6, 'postavke.php', '2016-06-14', '10:05:38'),
(6, 'postavke.php', '2016-06-14', '10:05:38'),
(6, 'postavke.php', '2016-06-14', '10:11:36'),
(6, 'postavke.php', '2016-06-14', '10:11:36'),
(6, 'postavke.php', '2016-06-14', '10:12:21'),
(6, 'postavke.php', '2016-06-14', '10:12:21'),
(6, 'postavke.php', '2016-06-14', '10:14:37'),
(6, 'postavke.php', '2016-06-14', '10:14:37'),
(6, 'postavke.php', '2016-06-14', '10:15:38'),
(6, 'postavke.php', '2016-06-14', '10:15:38'),
(6, 'postavke.php', '2016-06-14', '10:25:03'),
(6, 'postavke.php', '2016-06-14', '10:25:03'),
(6, 'postavke.php', '2016-06-14', '10:25:55'),
(6, 'postavke.php', '2016-06-14', '10:25:55'),
(6, 'postavke.php', '2016-06-14', '10:27:07'),
(6, 'postavke.php', '2016-06-14', '10:27:07'),
(6, 'postavke.php', '2016-06-14', '10:39:16'),
(6, 'postavke.php', '2016-06-14', '10:39:16'),
(6, 'postavke.php', '2016-06-14', '10:39:41'),
(6, 'postavke.php', '2016-06-14', '10:39:41'),
(6, 'postavke.php', '2016-06-14', '10:40:18'),
(6, 'postavke.php', '2016-06-14', '10:40:18'),
(6, 'postavke.php', '2016-06-14', '10:40:31'),
(6, 'postavke.php', '2016-06-14', '10:40:31'),
(6, 'postavke.php', '2016-06-14', '10:40:34'),
(6, 'postavke.php', '2016-06-14', '10:40:34'),
(6, 'postavke.php', '2016-06-14', '10:41:20'),
(6, 'postavke.php', '2016-06-14', '10:41:20'),
(6, 'postavke.php', '2016-06-14', '13:41:25'),
(6, 'postavke.php', '2016-06-14', '13:41:25'),
(6, 'postavke.php', '2016-06-14', '13:41:27'),
(6, 'postavke.php', '2016-06-14', '13:41:27'),
(6, 'postavke.php', '2016-06-14', '13:41:30'),
(6, 'postavke.php', '2016-06-14', '13:41:30'),
(6, 'postavke.php', '2016-06-14', '11:43:06'),
(6, 'postavke.php', '2016-06-14', '11:43:06'),
(6, 'postavke.php', '2016-06-14', '11:45:32'),
(6, 'postavke.php', '2016-06-14', '11:45:32'),
(6, 'postavke.php', '2016-06-14', '10:45:35'),
(6, 'postavke.php', '2016-06-14', '10:45:35'),
(6, 'postavke.php', '2016-06-14', '10:52:14'),
(6, 'postavke.php', '2016-06-14', '10:52:14'),
(6, 'postavke.php', '2016-06-14', '10:52:21'),
(6, 'postavke.php', '2016-06-14', '10:52:21'),
(6, 'postavke.php', '2016-06-14', '10:53:02'),
(6, 'postavke.php', '2016-06-14', '10:53:02'),
(6, 'postavke.php', '2016-06-14', '11:04:37'),
(6, 'postavke.php', '2016-06-14', '11:04:37'),
(6, 'postavke.php', '2016-06-14', '11:05:23'),
(6, 'postavke.php', '2016-06-14', '11:05:23'),
(6, 'postavke.php', '2016-06-14', '11:05:40'),
(6, 'postavke.php', '2016-06-14', '11:05:40'),
(6, 'postavke.php', '2016-06-14', '11:06:49'),
(6, 'postavke.php', '2016-06-14', '11:06:49'),
(6, 'postavke.php', '2016-06-14', '11:07:03'),
(6, 'postavke.php', '2016-06-14', '11:07:03'),
(6, 'postavke.php', '2016-06-14', '11:09:18'),
(6, 'postavke.php', '2016-06-14', '11:09:19'),
(6, 'postavke.php', '2016-06-14', '11:09:30'),
(6, 'postavke.php', '2016-06-14', '11:09:30'),
(6, 'postavke.php', '2016-06-14', '11:10:03'),
(6, 'postavke.php', '2016-06-14', '11:10:03'),
(6, 'postavke.php', '2016-06-14', '11:11:34'),
(6, 'postavke.php', '2016-06-14', '11:11:34'),
(6, 'postavke.php', '2016-06-14', '11:11:36'),
(6, 'postavke.php', '2016-06-14', '11:11:36'),
(6, 'postavke.php', '2016-06-14', '11:11:42'),
(6, 'postavke.php', '2016-06-14', '11:11:42'),
(6, 'index.php', '2016-06-14', '11:25:49'),
(6, 'index.php', '2016-06-14', '11:25:49'),
(6, 'index.php', '2016-06-14', '11:27:35'),
(6, 'index.php', '2016-06-14', '11:27:35'),
(6, 'index.php', '2016-06-14', '11:27:50'),
(6, 'index.php', '2016-06-14', '11:27:50'),
(6, 'index.php', '2016-06-14', '11:27:59'),
(6, 'index.php', '2016-06-14', '11:27:59'),
(6, 'index.php', '2016-06-14', '11:28:14'),
(6, 'index.php', '2016-06-14', '11:28:14'),
(6, 'index.php', '2016-06-14', '11:32:16'),
(6, 'index.php', '2016-06-14', '11:32:16'),
(NULL, '', '2016-06-14', '13:32:35'),
(NULL, '', '2016-06-14', '13:32:35'),
(NULL, 'prijava.php', '2016-06-14', '13:32:35'),
(NULL, 'prijava.php', '2016-06-14', '13:32:35'),
(NULL, 'prijava.php', '2016-06-14', '13:32:43'),
(NULL, 'prijava.php', '2016-06-14', '13:32:43'),
(6, 'index.php', '2016-06-14', '13:32:43'),
(6, 'index.php', '2016-06-14', '13:32:43'),
(6, 'menze.php', '2016-06-14', '13:32:46'),
(6, 'menze.php', '2016-06-14', '13:32:46'),
(6, 'dodavanje_meni.php', '2016-06-14', '13:32:47'),
(6, 'dodavanje_meni.php', '2016-06-14', '13:32:47'),
(6, 'dodavanje_meni.php', '2016-06-14', '13:32:58'),
(6, 'dodavanje_meni.php', '2016-06-14', '13:32:58'),
(6, 'postavke.php', '2016-06-14', '13:33:04'),
(6, 'postavke.php', '2016-06-14', '13:33:04'),
(6, 'index.php', '2016-06-14', '13:35:04'),
(6, 'index.php', '2016-06-14', '13:35:04'),
(NULL, 'odjava.php', '2016-06-14', '13:37:30'),
(NULL, 'odjava.php', '2016-06-14', '13:37:30'),
(NULL, 'prijava.php', '2016-06-14', '13:37:30'),
(NULL, 'prijava.php', '2016-06-14', '13:37:30'),
(NULL, 'menze.php', '2016-06-14', '13:37:32'),
(NULL, 'menze.php', '2016-06-14', '13:37:32'),
(NULL, 'index.php', '2016-06-14', '13:39:24'),
(NULL, 'index.php', '2016-06-14', '13:39:24'),
(NULL, 'prijava.php', '2016-06-14', '13:39:24'),
(NULL, 'prijava.php', '2016-06-14', '13:39:24'),
(NULL, 'menze.php', '2016-06-14', '13:39:27'),
(NULL, 'menze.php', '2016-06-14', '13:39:27'),
(NULL, 'menze.php', '2016-06-14', '13:40:04'),
(NULL, 'menze.php', '2016-06-14', '13:40:04'),
(NULL, 'prijava.php', '2016-06-14', '13:40:07'),
(NULL, 'prijava.php', '2016-06-14', '13:40:07'),
(NULL, 'menze.php', '2016-06-14', '13:40:08'),
(NULL, 'menze.php', '2016-06-14', '13:40:08'),
(NULL, 'menze.php', '2016-06-14', '13:40:17'),
(NULL, 'menze.php', '2016-06-14', '13:40:17'),
(NULL, 'menze.php', '2016-06-14', '13:41:29'),
(NULL, 'menze.php', '2016-06-14', '13:41:29'),
(NULL, 'menze.php', '2016-06-14', '13:44:03'),
(NULL, 'menze.php', '2016-06-14', '13:44:03'),
(NULL, 'menze.php', '2016-06-14', '13:44:05'),
(NULL, 'menze.php', '2016-06-14', '13:44:05'),
(NULL, 'prijava.php', '2016-06-14', '13:44:10'),
(NULL, 'prijava.php', '2016-06-14', '13:44:10'),
(NULL, 'prijava.php', '2016-06-14', '13:44:18'),
(NULL, 'prijava.php', '2016-06-14', '13:44:18'),
(6, 'index.php', '2016-06-14', '13:44:18'),
(6, 'index.php', '2016-06-14', '13:44:18'),
(NULL, 'odjava.php', '2016-06-14', '13:44:25'),
(NULL, 'odjava.php', '2016-06-14', '13:44:25'),
(NULL, 'prijava.php', '2016-06-14', '13:44:25'),
(NULL, 'prijava.php', '2016-06-14', '13:44:25'),
(NULL, 'zahtjev_lozinke.php', '2016-06-14', '13:44:30'),
(NULL, 'zahtjev_lozinke.php', '2016-06-14', '13:44:30'),
(NULL, 'zahtjev_lozinke.php', '2016-06-14', '13:44:37'),
(NULL, 'zahtjev_lozinke.php', '2016-06-14', '13:44:37'),
(NULL, 'prijava.php', '2016-06-14', '13:44:37'),
(NULL, 'prijava.php', '2016-06-14', '13:44:37'),
(NULL, 'promjena_lozinke.php?id=13', '2016-06-14', '13:45:31'),
(NULL, 'promjena_lozinke.php?id=13', '2016-06-14', '13:45:31'),
(NULL, 'promjena_lozinke.php?id=13', '2016-06-14', '13:45:42'),
(NULL, 'promjena_lozinke.php?id=13', '2016-06-14', '13:45:42'),
(NULL, 'index.php', '2016-06-14', '13:45:42'),
(NULL, 'index.php', '2016-06-14', '13:45:42'),
(NULL, 'prijava.php', '2016-06-14', '13:45:42'),
(NULL, 'prijava.php', '2016-06-14', '13:45:42'),
(NULL, 'prijava.php', '2016-06-14', '13:45:49'),
(NULL, 'prijava.php', '2016-06-14', '13:45:51'),
(NULL, 'prijava.php', '2016-06-14', '13:46:05'),
(NULL, 'prijava.php', '2016-06-14', '13:46:05'),
(NULL, 'prijava.php', '2016-06-14', '13:46:58'),
(NULL, 'prijava.php', '2016-06-14', '13:46:58'),
(NULL, 'prijava.php', '2016-06-14', '13:47:20'),
(NULL, 'prijava.php', '2016-06-14', '13:47:20'),
(NULL, 'zahtjev_lozinke.php', '2016-06-14', '13:47:22'),
(NULL, 'zahtjev_lozinke.php', '2016-06-14', '13:47:22'),
(NULL, 'zahtjev_lozinke.php', '2016-06-14', '13:47:27'),
(NULL, 'zahtjev_lozinke.php', '2016-06-14', '13:47:27'),
(NULL, 'prijava.php', '2016-06-14', '13:47:27'),
(NULL, 'prijava.php', '2016-06-14', '13:47:27'),
(NULL, 'promjena_lozinke.php?id=13', '2016-06-14', '13:47:36'),
(NULL, 'promjena_lozinke.php?id=13', '2016-06-14', '13:47:36'),
(NULL, 'promjena_lozinke.php?id=13', '2016-06-14', '13:47:58'),
(NULL, 'promjena_lozinke.php?id=13', '2016-06-14', '13:47:59'),
(NULL, 'index.php', '2016-06-14', '13:47:59'),
(NULL, 'index.php', '2016-06-14', '13:47:59'),
(NULL, 'prijava.php', '2016-06-14', '13:47:59'),
(NULL, 'prijava.php', '2016-06-14', '13:47:59'),
(NULL, 'prijava.php', '2016-06-14', '13:49:32'),
(NULL, 'prijava.php', '2016-06-14', '13:49:32'),
(13, 'index.php', '2016-06-14', '13:49:32'),
(13, 'index.php', '2016-06-14', '13:49:32'),
(13, 'menze.php', '2016-06-14', '13:49:42'),
(13, 'menze.php', '2016-06-14', '13:49:42'),
(NULL, 'menze.php', '2016-06-14', '13:50:02'),
(NULL, 'menze.php', '2016-06-14', '13:50:02'),
(NULL, 'prijava.php', '2016-06-14', '13:50:06'),
(NULL, 'prijava.php', '2016-06-14', '13:50:06'),
(NULL, 'prijava.php', '2016-06-14', '13:50:14'),
(NULL, 'prijava.php', '2016-06-14', '13:50:14'),
(6, 'index.php', '2016-06-14', '13:50:14'),
(6, 'index.php', '2016-06-14', '13:50:14'),
(6, 'menze.php', '2016-06-14', '13:50:17'),
(6, 'menze.php', '2016-06-14', '13:50:17'),
(6, 'postavke.php', '2016-06-14', '13:50:22'),
(6, 'postavke.php', '2016-06-14', '13:50:22'),
(6, 'dodaj_moderatora.php?uredi=f', '2016-06-14', '13:50:35'),
(6, 'dodaj_moderatora.php?uredi=f', '2016-06-14', '13:50:35'),
(6, 'dodaj_moderatora.php?uredi=f', '2016-06-14', '13:50:41'),
(6, 'dodaj_moderatora.php?uredi=f', '2016-06-14', '13:50:41'),
(6, 'postavke.php', '2016-06-14', '13:50:41'),
(6, 'postavke.php', '2016-06-14', '13:50:41'),
(13, 'menze.php', '2016-06-14', '13:51:03'),
(13, 'menze.php', '2016-06-14', '13:51:03'),
(13, 'menze.php', '2016-06-14', '13:51:04'),
(13, 'menze.php', '2016-06-14', '13:51:04'),
(13, 'galerija.php', '2016-06-14', '13:51:06'),
(13, 'galerija.php', '2016-06-14', '13:51:07'),
(13, 'menze.php', '2016-06-14', '13:51:08'),
(13, 'menze.php', '2016-06-14', '13:51:08'),
(13, 'index.php', '2016-06-14', '13:51:14'),
(13, 'index.php', '2016-06-14', '13:51:14'),
(13, 'menze.php', '2016-06-14', '13:51:16'),
(13, 'menze.php', '2016-06-14', '13:51:16'),
(NULL, 'odjava.php', '2016-06-14', '13:51:18'),
(NULL, 'odjava.php', '2016-06-14', '13:51:18'),
(NULL, 'prijava.php', '2016-06-14', '13:51:18'),
(NULL, 'prijava.php', '2016-06-14', '13:51:18'),
(NULL, 'index.php', '2016-06-14', '13:51:19'),
(NULL, 'index.php', '2016-06-14', '13:51:19'),
(NULL, 'prijava.php', '2016-06-14', '13:51:19'),
(NULL, 'prijava.php', '2016-06-14', '13:51:19'),
(NULL, 'menze.php', '2016-06-14', '13:51:21'),
(NULL, 'menze.php', '2016-06-14', '13:51:21'),
(NULL, 'prijava.php', '2016-06-14', '13:51:23'),
(NULL, 'prijava.php', '2016-06-14', '13:51:23'),
(NULL, 'prijava.php', '2016-06-14', '13:51:30'),
(NULL, 'prijava.php', '2016-06-14', '13:51:30'),
(NULL, 'prijava.php', '2016-06-14', '13:51:36'),
(NULL, 'prijava.php', '2016-06-14', '13:51:36'),
(13, 'index.php', '2016-06-14', '13:51:36'),
(13, 'index.php', '2016-06-14', '13:51:36'),
(13, 'menze.php', '2016-06-14', '13:51:38'),
(13, 'menze.php', '2016-06-14', '13:51:38'),
(13, 'rezervacija.php?id=20', '2016-06-14', '13:51:46'),
(6, 'menze.php', '2016-06-14', '13:51:51'),
(6, 'menze.php', '2016-06-14', '13:51:51'),
(6, 'rezervacija.php?id=20', '2016-06-14', '13:51:56'),
(6, 'menze.php', '2016-06-14', '13:52:01'),
(6, 'menze.php', '2016-06-14', '13:52:01'),
(6, 'postavke.php', '2016-06-14', '13:52:19'),
(6, 'postavke.php', '2016-06-14', '13:52:19'),
(6, 'postavke.php', '2016-06-14', '13:52:28'),
(6, 'postavke.php', '2016-06-14', '13:52:28'),
(6, 'postavke.php', '2016-06-14', '13:52:34'),
(6, 'postavke.php', '2016-06-14', '13:52:34'),
(6, 'menze.php', '2016-06-14', '13:52:42'),
(6, 'menze.php', '2016-06-14', '13:52:42'),
(6, 'dodavanje_meni.php', '2016-06-14', '13:52:43'),
(6, 'dodavanje_meni.php', '2016-06-14', '13:52:43'),
(6, 'postavke.php', '2016-06-14', '13:52:53'),
(6, 'postavke.php', '2016-06-14', '13:52:53'),
(13, 'index.php', '2016-06-14', '13:53:37'),
(13, 'index.php', '2016-06-14', '13:53:37'),
(13, 'menze.php', '2016-06-14', '13:53:38'),
(13, 'menze.php', '2016-06-14', '13:53:38'),
(13, 'galerija.php', '2016-06-14', '13:53:39'),
(13, 'galerija.php', '2016-06-14', '13:53:39'),
(13, 'index.php', '2016-06-14', '13:53:40'),
(13, 'index.php', '2016-06-14', '13:53:40'),
(13, 'menze.php', '2016-06-14', '13:53:41'),
(13, 'menze.php', '2016-06-14', '13:53:41'),
(13, 'rezervacija.php?id=20', '2016-06-14', '13:53:45'),
(NULL, 'odjava.php', '2016-06-14', '13:59:15'),
(NULL, 'odjava.php', '2016-06-14', '13:59:15'),
(NULL, 'prijava.php', '2016-06-14', '13:59:15'),
(NULL, 'prijava.php', '2016-06-14', '13:59:15'),
(NULL, 'registracija.php', '2016-06-14', '13:59:17'),
(NULL, 'registracija.php', '2016-06-14', '13:59:17'),
(NULL, 'registracija.php', '2016-06-14', '14:02:40'),
(NULL, 'registracija.php', '2016-06-14', '14:02:40'),
(NULL, 'prijava.php', '2016-06-14', '14:02:40'),
(NULL, 'prijava.php', '2016-06-14', '14:02:40'),
(NULL, 'aktivacija.php?akt=1161:641', '2016-06-14', '14:03:00'),
(NULL, 'aktivacija.php?akt=1161:641', '2016-06-14', '14:03:00'),
(NULL, 'prijava.php', '2016-06-14', '14:03:00'),
(NULL, 'prijava.php', '2016-06-14', '14:03:00'),
(NULL, 'prijava.php', '2016-06-14', '14:03:19'),
(NULL, 'prijava.php', '2016-06-14', '14:03:19'),
(14, 'index.php', '2016-06-14', '14:03:19'),
(14, 'index.php', '2016-06-14', '14:03:19'),
(14, 'menze.php', '2016-06-14', '14:03:28'),
(14, 'menze.php', '2016-06-14', '14:03:28'),
(14, 'rezervacija.php?id=20', '2016-06-14', '14:03:35'),
(14, 'rezervacija.php?id=20', '2016-06-14', '14:03:43'),
(14, 'index.php', '2016-06-14', '14:03:43'),
(14, 'index.php', '2016-06-14', '14:03:44'),
(6, 'menze.php', '2016-06-14', '14:04:11'),
(6, 'menze.php', '2016-06-14', '14:04:11'),
(6, 'pregled_rezervacija.php', '2016-06-14', '14:04:15'),
(6, 'pregled_rezervacija.php', '2016-06-14', '14:04:15'),
(6, 'pregled_rezervacija.php', '2016-06-14', '14:04:18'),
(6, 'pregled_rezervacija.php', '2016-06-14', '14:04:18'),
(6, 'menze.php', '2016-06-14', '14:04:24'),
(6, 'menze.php', '2016-06-14', '14:04:24'),
(6, 'postavke.php', '2016-06-14', '14:04:26'),
(6, 'postavke.php', '2016-06-14', '14:04:26'),
(6, 'dodaj_moderatora.php?uredi=f', '2016-06-14', '14:04:30'),
(6, 'dodaj_moderatora.php?uredi=f', '2016-06-14', '14:04:30'),
(6, 'dodaj_moderatora.php?uredi=f', '2016-06-14', '14:04:39'),
(6, 'dodaj_moderatora.php?uredi=f', '2016-06-14', '14:04:39'),
(6, 'postavke.php', '2016-06-14', '14:04:39'),
(6, 'postavke.php', '2016-06-14', '14:04:39'),
(6, 'menze.php', '2016-06-14', '14:04:46'),
(6, 'menze.php', '2016-06-14', '14:04:46'),
(6, 'pregled_rezervacija.php', '2016-06-14', '14:04:48'),
(6, 'pregled_rezervacija.php', '2016-06-14', '14:04:48'),
(6, 'pregled_rezervacija.php', '2016-06-14', '14:04:52'),
(6, 'pregled_rezervacija.php', '2016-06-14', '14:04:52'),
(6, 'pregled_rezervacija.php', '2016-06-14', '14:05:12'),
(6, 'pregled_rezervacija.php', '2016-06-14', '14:05:12'),
(14, 'index.php', '2016-06-14', '14:05:28'),
(14, 'index.php', '2016-06-14', '14:05:28'),
(6, 'menze.php', '2016-06-14', '14:05:42'),
(6, 'menze.php', '2016-06-14', '14:05:42'),
(6, 'postavke.php', '2016-06-14', '14:05:44'),
(6, 'postavke.php', '2016-06-14', '14:05:44'),
(6, 'dodaj_moderatora.php?uredi=f', '2016-06-14', '14:05:48'),
(6, 'dodaj_moderatora.php?uredi=f', '2016-06-14', '14:05:48'),
(6, 'dodaj_moderatora.php?uredi=f', '2016-06-14', '14:05:53'),
(6, 'dodaj_moderatora.php?uredi=f', '2016-06-14', '14:05:53'),
(6, 'postavke.php', '2016-06-14', '14:05:54'),
(6, 'postavke.php', '2016-06-14', '14:05:54'),
(14, 'index.php', '2016-06-14', '14:06:02'),
(14, 'index.php', '2016-06-14', '14:06:02'),
(14, 'menze.php', '2016-06-14', '14:06:02'),
(14, 'menze.php', '2016-06-14', '14:06:02'),
(14, 'index.php', '2016-06-14', '14:06:57'),
(14, 'index.php', '2016-06-14', '14:06:57'),
(6, 'dodaj_korisnika.php?uredi=t&id=14', '2016-06-14', '14:07:09'),
(6, 'dodaj_korisnika.php?uredi=t&id=14', '2016-06-14', '14:07:09'),
(6, 'dodaj_korisnika.php?uredi=t&id=14', '2016-06-14', '14:07:25'),
(6, 'dodaj_korisnika.php?uredi=t&id=14', '2016-06-14', '14:07:25'),
(6, 'postavke.php', '2016-06-14', '14:07:26'),
(6, 'postavke.php', '2016-06-14', '14:07:26'),
(14, 'menze.php', '2016-06-14', '14:07:30'),
(14, 'menze.php', '2016-06-14', '14:07:30'),
(14, 'menze.php', '2016-06-14', '14:07:32'),
(14, 'menze.php', '2016-06-14', '14:07:32'),
(NULL, 'odjava.php', '2016-06-14', '14:07:34'),
(NULL, 'odjava.php', '2016-06-14', '14:07:34'),
(NULL, 'prijava.php', '2016-06-14', '14:07:34'),
(NULL, 'prijava.php', '2016-06-14', '14:07:34'),
(NULL, 'prijava.php', '2016-06-14', '14:07:42'),
(NULL, 'prijava.php', '2016-06-14', '14:07:42'),
(14, 'index.php', '2016-06-14', '14:07:42'),
(14, 'index.php', '2016-06-14', '14:07:42'),
(14, 'menze.php', '2016-06-14', '14:07:44'),
(14, 'menze.php', '2016-06-14', '14:07:44'),
(14, 'dodavanje_meni.php', '2016-06-14', '14:07:46'),
(14, 'dodavanje_meni.php', '2016-06-14', '14:07:46'),
(14, 'dodavanje_meni.php', '2016-06-14', '14:08:02'),
(14, 'dodavanje_meni.php', '2016-06-14', '14:08:02'),
(14, 'menze.php', '2016-06-14', '14:08:02'),
(14, 'menze.php', '2016-06-14', '14:08:02'),
(14, 'menze.php', '2016-06-14', '14:08:11'),
(14, 'menze.php', '2016-06-14', '14:08:11'),
(14, 'galerija.php', '2016-06-14', '14:08:14'),
(14, 'galerija.php', '2016-06-14', '14:08:15'),
(14, 'upload.php', '2016-06-14', '14:08:58'),
(14, 'upload.php', '2016-06-14', '14:08:58'),
(14, 'galerija.php', '2016-06-14', '14:08:58'),
(14, 'galerija.php', '2016-06-14', '14:08:58'),
(14, 'pregled_rezervacija.php', '2016-06-14', '14:09:25'),
(14, 'pregled_rezervacija.php', '2016-06-14', '14:09:25'),
(6, 'menze.php', '2016-06-14', '14:09:34'),
(6, 'menze.php', '2016-06-14', '14:09:34'),
(6, 'rezervacija.php?id=21', '2016-06-14', '14:09:37'),
(6, 'rezervacija.php?id=21', '2016-06-14', '14:09:49'),
(6, 'index.php', '2016-06-14', '14:09:50'),
(6, 'index.php', '2016-06-14', '14:09:50'),
(14, 'menze.php', '2016-06-14', '14:09:57'),
(14, 'menze.php', '2016-06-14', '14:09:57'),
(14, 'statistika.php?', '2016-06-14', '14:10:01'),
(14, 'statistika.php?', '2016-06-14', '14:10:01'),
(14, 'menze.php', '2016-06-14', '14:10:23'),
(14, 'menze.php', '2016-06-14', '14:10:23'),
(14, 'pregled_rezervacija.php', '2016-06-14', '14:10:26'),
(14, 'pregled_rezervacija.php', '2016-06-14', '14:10:26'),
(14, 'pregled_rezervacija.php', '2016-06-14', '14:10:30'),
(14, 'pregled_rezervacija.php', '2016-06-14', '14:10:30'),
(14, 'pregled_rezervacija.php', '2016-06-14', '14:10:53'),
(14, 'pregled_rezervacija.php', '2016-06-14', '14:10:53'),
(6, 'index.php', '2016-06-14', '14:11:05'),
(6, 'index.php', '2016-06-14', '14:11:05'),
(6, 'galerija.php', '2016-06-14', '14:11:12'),
(6, 'galerija.php', '2016-06-14', '14:11:12'),
(6, 'menze.php', '2016-06-14', '14:11:32'),
(6, 'menze.php', '2016-06-14', '14:11:32'),
(14, 'menze.php', '2016-06-14', '14:11:41'),
(14, 'menze.php', '2016-06-14', '14:11:41'),
(14, 'dodavanje_meni.php', '2016-06-14', '14:11:42'),
(14, 'dodavanje_meni.php', '2016-06-14', '14:11:42'),
(14, 'dodavanje_meni.php', '2016-06-14', '14:11:58'),
(14, 'dodavanje_meni.php', '2016-06-14', '14:11:58'),
(14, 'menze.php', '2016-06-14', '14:11:58');
INSERT INTO `dnevnik` (`korisnik`, `akcija`, `datum`, `vrijeme`) VALUES
(14, 'menze.php', '2016-06-14', '14:11:58'),
(14, 'dodavanje_meni.php', '2016-06-14', '14:12:00'),
(14, 'dodavanje_meni.php', '2016-06-14', '14:12:00'),
(14, 'dodavanje_meni.php', '2016-06-14', '14:12:17'),
(14, 'dodavanje_meni.php', '2016-06-14', '14:12:17'),
(14, 'dodavanje_meni.php', '2016-06-14', '14:12:32'),
(14, 'dodavanje_meni.php', '2016-06-14', '14:12:32'),
(14, 'menze.php', '2016-06-14', '14:12:41'),
(14, 'menze.php', '2016-06-14', '14:12:41'),
(14, 'dodavanje_meni.php', '2016-06-14', '14:12:42'),
(14, 'dodavanje_meni.php', '2016-06-14', '14:12:42'),
(14, 'dodavanje_meni.php', '2016-06-14', '14:13:05'),
(14, 'dodavanje_meni.php', '2016-06-14', '14:13:08'),
(14, 'dodavanje_meni.php', '2016-06-14', '14:13:20'),
(14, 'dodavanje_meni.php', '2016-06-14', '14:13:20'),
(14, 'menze.php', '2016-06-14', '14:13:20'),
(14, 'menze.php', '2016-06-14', '14:13:20'),
(14, 'uredivanje_menija.php', '2016-06-14', '14:13:25'),
(14, 'uredivanje_menija.php', '2016-06-14', '14:13:25'),
(14, 'detalji_meni.php?id=22', '2016-06-14', '14:13:28'),
(14, 'detalji_meni.php?id=22', '2016-06-14', '14:13:28'),
(14, 'detalji_meni.php?id=22', '2016-06-14', '14:13:32'),
(14, 'detalji_meni.php?id=22', '2016-06-14', '14:13:32'),
(14, 'menze.php', '2016-06-14', '14:13:32'),
(14, 'menze.php', '2016-06-14', '14:13:32'),
(14, 'uredivanje_menija.php', '2016-06-14', '14:13:34'),
(14, 'uredivanje_menija.php', '2016-06-14', '14:13:34'),
(14, 'detalji_meni.php?id=23', '2016-06-14', '14:13:48'),
(14, 'detalji_meni.php?id=23', '2016-06-14', '14:13:48'),
(14, 'detalji_meni.php?id=23', '2016-06-14', '14:13:56'),
(14, 'detalji_meni.php?id=23', '2016-06-14', '14:13:56'),
(14, 'menze.php', '2016-06-14', '14:13:59'),
(14, 'menze.php', '2016-06-14', '14:13:59'),
(14, 'uredivanje_menija.php', '2016-06-14', '14:14:09'),
(14, 'uredivanje_menija.php', '2016-06-14', '14:14:09'),
(14, 'detalji_meni.php?id=23', '2016-06-14', '14:14:10'),
(14, 'detalji_meni.php?id=23', '2016-06-14', '14:14:11'),
(14, 'detalji_meni.php?id=23', '2016-06-14', '14:14:13'),
(14, 'detalji_meni.php?id=23', '2016-06-14', '14:14:13'),
(14, 'menze.php', '2016-06-14', '14:14:13'),
(14, 'menze.php', '2016-06-14', '14:14:13'),
(14, 'statistika.php?', '2016-06-14', '14:14:17'),
(14, 'statistika.php?', '2016-06-14', '14:14:17'),
(14, 'menze.php', '2016-06-14', '14:14:19'),
(14, 'menze.php', '2016-06-14', '14:14:19'),
(14, 'uredivanje_menija.php', '2016-06-14', '14:14:20'),
(14, 'uredivanje_menija.php', '2016-06-14', '14:14:20'),
(6, 'rezervacija.php?id=23', '2016-06-14', '14:14:52'),
(6, 'rezervacija.php?id=23', '2016-06-14', '14:15:02'),
(6, 'menze.php', '2016-06-14', '14:15:05'),
(6, 'menze.php', '2016-06-14', '14:15:05'),
(6, 'rezervacija.php?id=22', '2016-06-14', '14:15:10'),
(6, 'rezervacija.php?id=22', '2016-06-14', '14:15:17'),
(6, 'index.php', '2016-06-14', '14:15:17'),
(6, 'index.php', '2016-06-14', '14:15:17'),
(14, 'menze.php', '2016-06-14', '14:15:25'),
(14, 'menze.php', '2016-06-14', '14:15:25'),
(14, 'pregled_rezervacija.php', '2016-06-14', '14:15:28'),
(14, 'pregled_rezervacija.php', '2016-06-14', '14:15:28'),
(14, 'pregled_rezervacija.php', '2016-06-14', '14:15:31'),
(14, 'pregled_rezervacija.php', '2016-06-14', '14:15:31'),
(6, 'index.php', '2016-06-14', '14:15:38'),
(6, 'index.php', '2016-06-14', '14:15:38'),
(NULL, 'index.php', '2016-06-14', '14:17:24'),
(NULL, 'index.php', '2016-06-14', '14:17:24'),
(NULL, 'prijava.php', '2016-06-14', '14:17:24'),
(NULL, 'prijava.php', '2016-06-14', '14:17:24'),
(NULL, 'registracija.php', '2016-06-14', '14:17:26'),
(NULL, 'registracija.php', '2016-06-14', '14:17:26'),
(NULL, 'registracija.php', '2016-06-14', '14:18:39'),
(NULL, 'registracija.php', '2016-06-14', '14:18:39'),
(NULL, 'prijava.php', '2016-06-14', '14:18:39'),
(NULL, 'prijava.php', '2016-06-14', '14:18:39'),
(6, 'postavke.php', '2016-06-14', '14:18:44'),
(6, 'postavke.php', '2016-06-14', '14:18:44'),
(6, 'spremi_pomak.php', '2016-06-14', '14:19:35'),
(6, 'spremi_pomak.php', '2016-06-14', '14:19:35'),
(6, 'postavke.php', '2016-06-15', '05:19:35'),
(6, 'postavke.php', '2016-06-15', '05:19:35'),
(NULL, 'aktivacija.php?akt=260-41-611', '2016-06-15', '05:19:49'),
(NULL, 'aktivacija.php?akt=260-41-611', '2016-06-15', '05:19:49'),
(NULL, 'prijava.php', '2016-06-15', '05:20:11'),
(NULL, 'prijava.php', '2016-06-15', '05:20:11'),
(NULL, 'prijava.php', '2016-06-15', '05:20:24'),
(NULL, 'prijava.php', '2016-06-15', '05:20:24'),
(6, 'spremi_pomak.php', '2016-06-15', '05:20:40'),
(6, 'spremi_pomak.php', '2016-06-15', '05:20:40'),
(6, 'postavke.php', '2016-06-14', '14:20:41'),
(6, 'postavke.php', '2016-06-14', '14:20:41'),
(NULL, 'aktivacija.php?akt=260-41-611', '2016-06-14', '14:20:48'),
(NULL, 'aktivacija.php?akt=260-41-611', '2016-06-14', '14:20:48'),
(NULL, 'prijava.php', '2016-06-14', '14:20:48'),
(NULL, 'prijava.php', '2016-06-14', '14:20:48'),
(NULL, 'prijava.php', '2016-06-14', '14:20:56'),
(NULL, 'prijava.php', '2016-06-14', '14:20:56'),
(NULL, 'zahtjev_lozinke.php', '2016-06-14', '14:21:01'),
(NULL, 'zahtjev_lozinke.php', '2016-06-14', '14:21:01'),
(NULL, 'zahtjev_lozinke.php', '2016-06-14', '14:21:11'),
(NULL, 'zahtjev_lozinke.php', '2016-06-14', '14:21:11'),
(NULL, 'prijava.php', '2016-06-14', '14:21:11'),
(NULL, 'prijava.php', '2016-06-14', '14:21:11'),
(NULL, 'zahtjev_lozinke.php', '2016-06-14', '14:22:02'),
(NULL, 'zahtjev_lozinke.php', '2016-06-14', '14:22:02'),
(NULL, 'zahtjev_lozinke.php', '2016-06-14', '14:22:09'),
(NULL, 'zahtjev_lozinke.php', '2016-06-14', '14:22:09'),
(NULL, 'prijava.php', '2016-06-14', '14:22:09'),
(NULL, 'prijava.php', '2016-06-14', '14:22:09'),
(NULL, 'promjena_lozinke.php?id=15', '2016-06-14', '14:22:26'),
(NULL, 'promjena_lozinke.php?id=15', '2016-06-14', '14:22:26'),
(NULL, 'promjena_lozinke.php?id=15', '2016-06-14', '14:22:35'),
(NULL, 'promjena_lozinke.php?id=15', '2016-06-14', '14:22:35'),
(NULL, 'promjena_lozinke.php?id=15', '2016-06-14', '14:25:07'),
(NULL, 'promjena_lozinke.php?id=15', '2016-06-14', '14:25:07'),
(NULL, 'promjena_lozinke.php?id=15', '2016-06-14', '14:25:24'),
(NULL, 'promjena_lozinke.php?id=15', '2016-06-14', '14:25:24'),
(NULL, 'promjena_lozinke.php?id=15', '2016-06-14', '14:25:46'),
(NULL, 'promjena_lozinke.php?id=15', '2016-06-14', '14:25:46'),
(NULL, 'index.php', '2016-06-14', '14:25:46'),
(NULL, 'index.php', '2016-06-14', '14:25:46'),
(NULL, 'prijava.php', '2016-06-14', '14:25:46'),
(NULL, 'prijava.php', '2016-06-14', '14:25:46'),
(NULL, 'prijava.php', '2016-06-14', '14:26:02'),
(NULL, 'prijava.php', '2016-06-14', '14:26:02'),
(15, 'index.php', '2016-06-14', '14:26:02'),
(15, 'index.php', '2016-06-14', '14:26:02'),
(NULL, 'odjava.php', '2016-06-14', '14:26:04'),
(NULL, 'odjava.php', '2016-06-14', '14:26:04'),
(NULL, 'prijava.php', '2016-06-14', '14:26:04'),
(NULL, 'prijava.php', '2016-06-14', '14:26:04'),
(NULL, 'prijava.php', '2016-06-14', '14:26:12'),
(NULL, 'prijava.php', '2016-06-14', '14:26:12'),
(15, 'index.php', '2016-06-14', '14:26:12'),
(15, 'index.php', '2016-06-14', '14:26:12'),
(NULL, 'odjava.php', '2016-06-14', '14:26:14'),
(NULL, 'odjava.php', '2016-06-14', '14:26:14'),
(NULL, 'prijava.php', '2016-06-14', '14:26:14'),
(NULL, 'prijava.php', '2016-06-14', '14:26:14'),
(NULL, 'prijava.php', '2016-06-14', '14:26:19'),
(NULL, 'prijava.php', '2016-06-14', '14:26:19'),
(15, 'index.php', '2016-06-14', '14:26:19'),
(15, 'index.php', '2016-06-14', '14:26:19'),
(15, 'menze.php', '2016-06-14', '14:26:26'),
(15, 'menze.php', '2016-06-14', '14:26:26'),
(15, 'galerija.php', '2016-06-14', '14:26:30'),
(15, 'galerija.php', '2016-06-14', '14:26:30'),
(15, 'index.php', '2016-06-14', '14:27:56'),
(15, 'index.php', '2016-06-14', '14:27:56'),
(15, 'galerija.php', '2016-06-14', '14:27:57'),
(15, 'galerija.php', '2016-06-14', '14:27:57'),
(15, 'menze.php', '2016-06-14', '14:27:58'),
(15, 'menze.php', '2016-06-14', '14:27:58'),
(15, 'galerija.php', '2016-06-14', '14:27:59'),
(15, 'galerija.php', '2016-06-14', '14:27:59'),
(15, 'galerija.php', '2016-06-14', '14:29:40'),
(15, 'galerija.php', '2016-06-14', '14:29:40'),
(NULL, 'odjava.php', '2016-06-14', '14:29:47'),
(NULL, 'odjava.php', '2016-06-14', '14:29:47'),
(NULL, 'prijava.php', '2016-06-14', '14:29:47'),
(NULL, 'prijava.php', '2016-06-14', '14:29:47'),
(NULL, 'prijava.php', '2016-06-14', '14:29:51'),
(NULL, 'prijava.php', '2016-06-14', '14:29:51'),
(NULL, 'prijava.php', '2016-06-14', '14:29:51'),
(NULL, 'prijava.php', '2016-06-14', '14:29:51'),
(NULL, 'prijava.php', '2016-06-14', '14:30:07'),
(NULL, 'prijava.php', '2016-06-14', '14:30:08'),
(NULL, 'prijava.php', '2016-06-14', '14:30:11'),
(NULL, 'prijava.php', '2016-06-14', '14:30:11'),
(NULL, 'prijava.php', '2016-06-14', '14:30:14'),
(NULL, 'prijava.php', '2016-06-14', '14:30:14'),
(NULL, 'prijava.php', '2016-06-14', '14:30:19'),
(NULL, 'prijava.php', '2016-06-14', '14:30:19'),
(NULL, 'prijava.php', '2016-06-14', '14:30:26'),
(NULL, 'prijava.php', '2016-06-14', '14:30:26'),
(6, 'postavke.php', '2016-06-14', '14:30:33'),
(6, 'postavke.php', '2016-06-14', '14:30:33'),
(6, 'dodaj_korisnika.php?uredi=t&id=15', '2016-06-14', '14:30:40'),
(6, 'dodaj_korisnika.php?uredi=t&id=15', '2016-06-14', '14:30:41'),
(6, 'dodaj_korisnika.php?uredi=t&id=15', '2016-06-14', '14:30:47'),
(6, 'dodaj_korisnika.php?uredi=t&id=15', '2016-06-14', '14:30:47'),
(6, 'postavke.php', '2016-06-14', '14:30:48'),
(6, 'postavke.php', '2016-06-14', '14:30:48'),
(NULL, 'prijava.php', '2016-06-14', '14:31:05'),
(NULL, 'prijava.php', '2016-06-14', '14:31:05'),
(15, 'index.php', '2016-06-14', '14:31:05'),
(15, 'index.php', '2016-06-14', '14:31:05'),
(15, 'menze.php', '2016-06-14', '14:32:07'),
(15, 'menze.php', '2016-06-14', '14:32:07'),
(15, 'like.php?svida=1&atr=1&id=1', '2016-06-14', '14:32:09'),
(15, 'like.php?svida=1&atr=1&id=1', '2016-06-14', '14:32:09'),
(15, 'menze.php', '2016-06-14', '14:32:09'),
(15, 'menze.php', '2016-06-14', '14:32:09'),
(15, 'like.php?svida=1&atr=0&id=21', '2016-06-14', '14:32:12'),
(15, 'like.php?svida=1&atr=0&id=21', '2016-06-14', '14:32:12'),
(15, 'menze.php', '2016-06-14', '14:32:12'),
(15, 'menze.php', '2016-06-14', '14:32:12'),
(15, 'like.php?svida=0&atr=0&id=22', '2016-06-14', '14:32:15'),
(15, 'like.php?svida=0&atr=0&id=22', '2016-06-14', '14:32:15'),
(15, 'menze.php', '2016-06-14', '14:32:15'),
(15, 'menze.php', '2016-06-14', '14:32:15'),
(15, 'like.php?svida=0&atr=0&id=21', '2016-06-14', '14:32:17'),
(15, 'like.php?svida=0&atr=0&id=21', '2016-06-14', '14:32:17'),
(15, 'menze.php', '2016-06-14', '14:32:20'),
(15, 'menze.php', '2016-06-14', '14:32:20'),
(NULL, 'odjava.php', '2016-06-14', '14:32:56'),
(NULL, 'odjava.php', '2016-06-14', '14:32:56'),
(NULL, 'prijava.php', '2016-06-14', '14:32:56'),
(NULL, 'prijava.php', '2016-06-14', '14:32:56'),
(NULL, 'prijava.php', '2016-06-14', '14:33:04'),
(NULL, 'prijava.php', '2016-06-14', '14:33:04'),
(NULL, 'prijava.php', '2016-06-14', '14:33:16'),
(NULL, 'prijava.php', '2016-06-14', '14:33:16'),
(14, 'index.php', '2016-06-14', '14:33:16'),
(14, 'index.php', '2016-06-14', '14:33:16'),
(14, 'menze.php', '2016-06-14', '14:33:20'),
(14, 'menze.php', '2016-06-14', '14:33:21'),
(14, 'statistika.php?', '2016-06-14', '14:33:22'),
(14, 'statistika.php?', '2016-06-14', '14:33:22'),
(6, 'posjecenost.php', '2016-06-14', '14:34:48'),
(6, 'posjecenost.php', '2016-06-14', '14:34:49'),
(14, 'posjecenost.php', '2016-06-14', '14:45:08'),
(14, 'posjecenost.php', '2016-06-14', '14:45:08'),
(14, 'posjecenost.php', '2016-06-14', '14:45:08'),
(14, 'posjecenost.php', '2016-06-14', '14:45:08'),
(6, 'postavke.php', '2016-06-14', '14:45:32'),
(6, 'postavke.php', '2016-06-14', '14:45:32'),
(6, 'postavke.php', '2016-06-14', '14:46:04'),
(6, 'postavke.php', '2016-06-14', '14:46:04'),
(6, 'posjecenost.php', '2016-06-14', '14:46:06'),
(6, 'posjecenost.php', '2016-06-14', '14:46:06'),
(6, 'posjecenost.php', '2016-06-14', '14:46:12'),
(6, 'posjecenost.php', '2016-06-14', '14:46:12'),
(14, 'statistika.php', '2016-06-14', '14:46:45'),
(14, 'statistika.php', '2016-06-14', '14:46:45'),
(14, 'statistika.php', '2016-06-14', '14:51:26'),
(14, 'statistika.php', '2016-06-14', '14:51:26'),
(14, 'statistika.php', '2016-06-14', '14:51:48'),
(14, 'statistika.php', '2016-06-14', '14:51:48'),
(6, 'menze.php', '2016-06-14', '14:51:58'),
(6, 'menze.php', '2016-06-14', '14:51:58'),
(6, 'statistika.php', '2016-06-14', '14:51:59'),
(6, 'statistika.php', '2016-06-14', '14:51:59'),
(6, 'postavke.php', '2016-06-14', '14:52:07'),
(6, 'postavke.php', '2016-06-14', '14:52:07'),
(6, 'postavke.php', '2016-06-14', '14:52:15'),
(6, 'postavke.php', '2016-06-14', '14:52:15'),
(6, 'menze.php', '2016-06-14', '14:52:18'),
(6, 'menze.php', '2016-06-14', '14:52:18'),
(6, 'statistika.php', '2016-06-14', '14:52:20'),
(6, 'statistika.php', '2016-06-14', '14:52:20'),
(14, 'detalji_meni.php', '2016-06-14', '15:08:24'),
(14, 'detalji_meni.php', '2016-06-14', '15:08:24'),
(14, 'index.php', '2016-06-14', '15:08:34'),
(14, 'index.php', '2016-06-14', '15:08:34'),
(14, 'menze.php', '2016-06-14', '15:08:35'),
(14, 'menze.php', '2016-06-14', '15:08:35'),
(14, 'rezervacija.php?id=21', '2016-06-14', '15:08:39'),
(14, 'menze.php', '2016-06-14', '15:08:42'),
(14, 'menze.php', '2016-06-14', '15:08:42'),
(14, 'dodavanje_meni.php', '2016-06-14', '15:08:44'),
(14, 'dodavanje_meni.php', '2016-06-14', '15:08:44'),
(14, 'menze.php', '2016-06-14', '15:08:45'),
(14, 'menze.php', '2016-06-14', '15:08:45'),
(14, 'uredivanje_menija.php', '2016-06-14', '15:08:46'),
(14, 'uredivanje_menija.php', '2016-06-14', '15:08:46'),
(14, 'menze.php', '2016-06-14', '15:08:47'),
(14, 'menze.php', '2016-06-14', '15:08:47'),
(NULL, 'menze.php', '2016-06-14', '16:04:54'),
(NULL, 'menze.php', '2016-06-14', '16:04:54'),
(NULL, 'postavke.php', '2016-06-14', '16:04:55'),
(NULL, 'postavke.php', '2016-06-14', '16:04:55'),
(NULL, 'menze.php', '2016-06-14', '16:06:10'),
(NULL, 'menze.php', '2016-06-14', '16:06:10'),
(NULL, 'index.php', '2016-06-14', '16:06:12'),
(NULL, 'index.php', '2016-06-14', '16:06:12'),
(NULL, 'prijava.php', '2016-06-14', '16:06:12'),
(NULL, 'prijava.php', '2016-06-14', '16:06:12'),
(NULL, 'prijava.php', '2016-06-14', '16:06:18'),
(NULL, 'prijava.php', '2016-06-14', '16:06:19'),
(6, 'index.php', '2016-06-14', '16:06:19'),
(6, 'index.php', '2016-06-14', '16:06:19'),
(6, 'pregled_rezervacija.php', '2016-06-14', '16:06:23'),
(6, 'pregled_rezervacija.php', '2016-06-14', '16:06:23'),
(6, 'postavke.php', '2016-06-14', '16:06:25'),
(6, 'postavke.php', '2016-06-14', '16:06:25'),
(6, 'pregled_rezervacija.php', '2016-06-14', '16:06:28'),
(6, 'pregled_rezervacija.php', '2016-06-14', '16:06:28'),
(6, 'galerija.php', '2016-06-14', '16:06:29'),
(6, 'galerija.php', '2016-06-14', '16:06:29'),
(6, 'menze.php', '2016-06-14', '16:06:30'),
(6, 'menze.php', '2016-06-14', '16:06:30'),
(6, 'statistika.php?', '2016-06-14', '16:06:32'),
(6, 'statistika.php?', '2016-06-14', '16:06:32'),
(NULL, '', '2016-06-14', '17:29:06'),
(NULL, '', '2016-06-14', '17:29:06'),
(NULL, 'prijava.php', '2016-06-14', '17:29:06'),
(NULL, 'prijava.php', '2016-06-14', '17:29:06'),
(NULL, 'prijava.php', '2016-06-14', '17:29:12'),
(NULL, 'prijava.php', '2016-06-14', '17:29:12'),
(15, 'index.php', '2016-06-14', '17:29:12'),
(15, 'index.php', '2016-06-14', '17:29:12'),
(15, 'index.php', '2016-06-14', '17:29:16'),
(15, 'index.php', '2016-06-14', '17:29:17'),
(NULL, '', '2016-06-14', '19:17:11'),
(NULL, '', '2016-06-14', '19:17:11'),
(NULL, 'prijava.php', '2016-06-14', '19:17:11'),
(NULL, 'prijava.php', '2016-06-14', '19:17:11'),
(NULL, 'prijava.php', '2016-06-14', '19:17:19'),
(NULL, 'prijava.php', '2016-06-14', '19:17:19'),
(6, 'index.php', '2016-06-14', '19:17:19'),
(6, 'index.php', '2016-06-14', '19:17:19'),
(6, 'postavke.php', '2016-06-14', '19:17:24'),
(6, 'postavke.php', '2016-06-14', '19:17:24'),
(6, 'dodaj_korisnika.php?uredi=t&id=15', '2016-06-14', '19:17:37'),
(6, 'dodaj_korisnika.php?uredi=t&id=15', '2016-06-14', '19:17:37'),
(6, 'dodaj_korisnika.php?uredi=t&id=15', '2016-06-14', '19:17:41'),
(6, 'dodaj_korisnika.php?uredi=t&id=15', '2016-06-14', '19:17:41'),
(6, 'postavke.php', '2016-06-14', '19:17:41'),
(6, 'postavke.php', '2016-06-14', '19:17:41'),
(6, 'dodaj_korisnika.php?uredi=t&id=13', '2016-06-14', '19:18:07'),
(6, 'dodaj_korisnika.php?uredi=t&id=13', '2016-06-14', '19:18:07'),
(6, 'dodaj_korisnika.php?uredi=t&id=13', '2016-06-14', '19:18:11'),
(6, 'dodaj_korisnika.php?uredi=t&id=13', '2016-06-14', '19:18:11'),
(6, 'postavke.php', '2016-06-14', '19:18:11'),
(6, 'postavke.php', '2016-06-14', '19:18:11'),
(6, 'postavke.php', '2016-06-14', '19:24:08'),
(6, 'postavke.php', '2016-06-14', '19:24:08'),
(6, 'postavke.php', '2016-06-14', '19:24:51'),
(6, 'postavke.php', '2016-06-14', '19:24:51'),
(6, 'postavke.php', '2016-06-14', '19:24:57'),
(6, 'postavke.php', '2016-06-14', '19:24:57'),
(6, 'postavke.php', '2016-06-14', '19:26:12'),
(6, 'postavke.php', '2016-06-14', '19:26:12'),
(6, 'postavke.php', '2016-06-14', '19:26:12'),
(6, 'postavke.php', '2016-06-14', '19:26:12'),
(6, 'postavke.php', '2016-06-14', '19:26:12'),
(6, 'postavke.php', '2016-06-14', '19:26:12'),
(6, 'dodaj_korisnika.php?uredi=t&id=13', '2016-06-14', '19:26:12'),
(6, 'dodaj_korisnika.php?uredi=t&id=13', '2016-06-14', '19:26:12'),
(6, 'postavke.php', '2016-06-14', '19:26:12'),
(6, 'postavke.php', '2016-06-14', '19:26:12'),
(6, 'index.php', '2016-06-14', '19:26:12'),
(6, 'index.php', '2016-06-14', '19:26:12'),
(6, 'postavke.php', '2016-06-14', '19:26:20'),
(6, 'postavke.php', '2016-06-14', '19:26:20'),
(6, 'postavke.php', '2016-06-14', '19:26:23'),
(6, 'postavke.php', '2016-06-14', '19:26:23'),
(6, 'postavke.php', '2016-06-14', '19:26:25'),
(6, 'postavke.php', '2016-06-14', '19:26:25'),
(6, 'postavke.php', '2016-06-14', '19:26:27'),
(6, 'postavke.php', '2016-06-14', '19:26:27'),
(6, 'postavke.php', '2016-06-14', '19:26:57'),
(6, 'postavke.php', '2016-06-14', '19:26:57'),
(6, '', '2016-06-14', '19:27:46'),
(6, '', '2016-06-14', '19:27:46'),
(6, '', '2016-06-14', '19:28:45'),
(6, '', '2016-06-14', '19:28:45'),
(6, 'postavke.php', '2016-06-14', '19:28:48'),
(6, 'postavke.php', '2016-06-14', '19:28:48'),
(6, 'postavke.php', '2016-06-14', '19:28:51'),
(6, 'postavke.php', '2016-06-14', '19:28:51'),
(6, 'postavke.php', '2016-06-14', '19:28:58'),
(6, 'postavke.php', '2016-06-14', '19:28:58'),
(6, 'galerija.php', '2016-06-14', '19:29:22'),
(6, 'galerija.php', '2016-06-14', '19:29:22'),
(6, 'postavke.php', '2016-06-14', '19:29:30'),
(6, 'postavke.php', '2016-06-14', '19:29:30'),
(6, 'postavke.php', '2016-06-14', '19:29:41'),
(6, 'postavke.php', '2016-06-14', '19:29:41'),
(6, 'dodaj_menzu.php?uredi=t&id=2', '2016-06-14', '19:29:45'),
(6, 'dodaj_menzu.php?uredi=t&id=2', '2016-06-14', '19:29:45'),
(6, 'dodaj_menzu.php?uredi=t&id=2', '2016-06-14', '19:29:57'),
(6, 'dodaj_menzu.php?uredi=t&id=2', '2016-06-14', '19:29:57'),
(6, 'postavke.php', '2016-06-14', '19:29:57'),
(6, 'postavke.php', '2016-06-14', '19:29:57'),
(6, 'postavke.php', '2016-06-14', '19:37:25'),
(6, 'postavke.php', '2016-06-14', '19:37:26'),
(6, 'postavke.php', '2016-06-14', '19:39:31'),
(6, 'postavke.php', '2016-06-14', '19:39:31'),
(6, 'dodaj_korisnika.php?uredi=t&id=13', '2016-06-14', '19:39:44'),
(6, 'dodaj_korisnika.php?uredi=t&id=13', '2016-06-14', '19:39:44'),
(6, 'dodaj_korisnika.php?uredi=t&id=13', '2016-06-14', '19:39:59'),
(6, 'dodaj_korisnika.php?uredi=t&id=13', '2016-06-14', '19:39:59'),
(6, 'postavke.php', '2016-06-14', '19:40:09'),
(6, 'postavke.php', '2016-06-14', '19:40:09'),
(6, 'dodaj_korisnika.php?uredi=t&id=13', '2016-06-14', '19:40:20'),
(6, 'dodaj_korisnika.php?uredi=t&id=13', '2016-06-14', '19:40:20'),
(6, 'postavke.php', '2016-06-14', '19:40:32'),
(6, 'postavke.php', '2016-06-14', '19:40:32'),
(6, 'dodaj_korisnika.php?uredi=t&id=14', '2016-06-14', '19:40:35'),
(6, 'dodaj_korisnika.php?uredi=t&id=14', '2016-06-14', '19:40:35'),
(6, 'postavke.php', '2016-06-14', '19:40:38'),
(6, 'postavke.php', '2016-06-14', '19:40:38'),
(6, 'dodaj_korisnika.php?uredi=t&id=10', '2016-06-14', '19:40:43'),
(6, 'dodaj_korisnika.php?uredi=t&id=10', '2016-06-14', '19:40:43'),
(6, 'postavke.php', '2016-06-14', '19:40:45'),
(6, 'postavke.php', '2016-06-14', '19:40:45'),
(6, 'dodaj_korisnika.php?uredi=t&id=10', '2016-06-14', '19:41:09'),
(6, 'dodaj_korisnika.php?uredi=t&id=10', '2016-06-14', '19:41:09'),
(6, 'postavke.php', '2016-06-14', '19:41:12'),
(6, 'postavke.php', '2016-06-14', '19:41:12'),
(6, 'dodaj_korisnika.php?uredi=t&id=13', '2016-06-14', '19:43:13'),
(6, 'dodaj_korisnika.php?uredi=t&id=13', '2016-06-14', '19:43:13'),
(6, 'dodaj_korisnika.php?uredi=t&id=13', '2016-06-14', '19:43:29'),
(6, 'dodaj_korisnika.php?uredi=t&id=13', '2016-06-14', '19:43:29'),
(6, 'postavke.php', '2016-06-14', '19:43:29'),
(6, 'postavke.php', '2016-06-14', '19:43:29'),
(6, '', '2016-06-14', '19:48:15'),
(6, '', '2016-06-14', '19:48:16'),
(6, 'galerija.php', '2016-06-14', '19:48:23'),
(6, 'galerija.php', '2016-06-14', '19:48:23'),
(6, 'upload.php', '2016-06-14', '19:48:58'),
(6, 'upload.php', '2016-06-14', '19:48:58'),
(6, 'galerija.php', '2016-06-14', '19:49:09'),
(6, 'galerija.php', '2016-06-14', '19:49:09'),
(6, 'upload.php', '2016-06-14', '19:49:35'),
(6, 'upload.php', '2016-06-14', '19:49:35'),
(6, 'galerija.php', '2016-06-14', '19:49:35'),
(6, 'galerija.php', '2016-06-14', '19:49:35'),
(6, 'upload.php', '2016-06-14', '19:50:05'),
(6, 'upload.php', '2016-06-14', '19:50:06'),
(6, 'galerija.php', '2016-06-14', '19:50:06'),
(6, 'galerija.php', '2016-06-14', '19:50:06'),
(6, 'upload.php', '2016-06-14', '19:50:32'),
(6, 'upload.php', '2016-06-14', '19:50:32'),
(6, 'galerija.php', '2016-06-14', '19:50:32'),
(6, 'galerija.php', '2016-06-14', '19:50:32'),
(NULL, 'odjava.php', '2016-06-14', '19:52:49'),
(NULL, 'odjava.php', '2016-06-14', '19:52:49'),
(NULL, 'prijava.php', '2016-06-14', '19:52:49'),
(NULL, 'prijava.php', '2016-06-14', '19:52:49'),
(NULL, 'registracija.php', '2016-06-14', '19:52:51'),
(NULL, 'registracija.php', '2016-06-14', '19:52:51'),
(NULL, 'registracija.php', '2016-06-14', '19:54:04'),
(NULL, 'registracija.php', '2016-06-14', '19:54:04'),
(NULL, 'prijava.php', '2016-06-14', '19:54:04'),
(NULL, 'prijava.php', '2016-06-14', '19:54:04'),
(NULL, 'aktivacija.php?akt=:662:1:-6.', '2016-06-14', '19:54:23'),
(NULL, 'aktivacija.php?akt=:662:1:-6.', '2016-06-14', '19:54:23'),
(NULL, 'prijava.php', '2016-06-14', '19:54:23'),
(NULL, 'prijava.php', '2016-06-14', '19:54:23'),
(NULL, 'prijava.php', '2016-06-14', '19:54:33'),
(NULL, 'prijava.php', '2016-06-14', '19:54:33'),
(NULL, 'prijava.php', '2016-06-14', '19:54:41'),
(NULL, 'prijava.php', '2016-06-14', '19:54:41'),
(NULL, 'zahtjev_lozinke.php', '2016-06-14', '19:54:43'),
(NULL, 'zahtjev_lozinke.php', '2016-06-14', '19:54:43'),
(NULL, 'zahtjev_lozinke.php', '2016-06-14', '19:54:47'),
(NULL, 'zahtjev_lozinke.php', '2016-06-14', '19:54:47'),
(NULL, 'prijava.php', '2016-06-14', '19:54:47'),
(NULL, 'prijava.php', '2016-06-14', '19:54:47'),
(NULL, 'zahtjev_lozinke.php', '2016-06-14', '19:55:12'),
(NULL, 'zahtjev_lozinke.php', '2016-06-14', '19:55:12'),
(NULL, 'zahtjev_lozinke.php', '2016-06-14', '19:55:30'),
(NULL, 'zahtjev_lozinke.php', '2016-06-14', '19:55:30'),
(NULL, 'prijava.php', '2016-06-14', '19:55:30'),
(NULL, 'prijava.php', '2016-06-14', '19:55:30'),
(NULL, 'promjena_lozinke.php?id=16', '2016-06-14', '19:55:47'),
(NULL, 'promjena_lozinke.php?id=16', '2016-06-14', '19:55:47'),
(NULL, 'promjena_lozinke.php?id=16', '2016-06-14', '19:55:58'),
(NULL, 'promjena_lozinke.php?id=16', '2016-06-14', '19:55:58'),
(NULL, 'index.php', '2016-06-14', '19:55:58'),
(NULL, 'index.php', '2016-06-14', '19:55:58'),
(NULL, 'prijava.php', '2016-06-14', '19:55:58'),
(NULL, 'prijava.php', '2016-06-14', '19:55:58'),
(NULL, 'prijava.php', '2016-06-14', '19:56:04'),
(NULL, 'prijava.php', '2016-06-14', '19:56:04'),
(16, 'index.php', '2016-06-14', '19:56:04'),
(16, 'index.php', '2016-06-14', '19:56:04'),
(16, 'galerija.php', '2016-06-14', '19:56:07'),
(16, 'galerija.php', '2016-06-14', '19:56:07'),
(16, 'upload.php', '2016-06-14', '19:56:20'),
(16, 'upload.php', '2016-06-14', '19:56:20'),
(16, 'galerija.php', '2016-06-14', '19:56:20'),
(16, 'galerija.php', '2016-06-14', '19:56:20'),
(NULL, 'odjava.php', '2016-06-14', '19:56:37'),
(NULL, 'odjava.php', '2016-06-14', '19:56:40'),
(NULL, 'prijava.php', '2016-06-14', '19:56:40'),
(NULL, 'prijava.php', '2016-06-14', '19:56:40');

-- --------------------------------------------------------

--
-- Tablična struktura za tablicu `korisnici`
--

CREATE TABLE IF NOT EXISTS `korisnici` (
  `id` int(11) NOT NULL AUTO_INCREMENT,
  `korisnicko_ime` varchar(25) NOT NULL,
  `lozinka` varchar(150) NOT NULL,
  `spol` varchar(6) NOT NULL,
  `ime` varchar(25) NOT NULL,
  `prezime` varchar(25) NOT NULL,
  `rodendan` date NOT NULL,
  `jmbag` char(10) NOT NULL,
  `adresa` varchar(50) NOT NULL,
  `mail` varchar(50) NOT NULL,
  `kontakt` varchar(20) NOT NULL,
  `status` varchar(10) NOT NULL DEFAULT 'neaktivan',
  `zakljucan` tinyint(1) NOT NULL DEFAULT '0',
  `tip_korisnika` int(11) NOT NULL DEFAULT '3',
  PRIMARY KEY (`id`),
  KEY `tip_korisnika` (`tip_korisnika`)
) ENGINE=InnoDB  DEFAULT CHARSET=utf8 AUTO_INCREMENT=17 ;

--
-- Izbacivanje podataka za tablicu `korisnici`
--

INSERT INTO `korisnici` (`id`, `korisnicko_ime`, `lozinka`, `spol`, `ime`, `prezime`, `rodendan`, `jmbag`, `adresa`, `mail`, `kontakt`, `status`, `zakljucan`, `tip_korisnika`) VALUES
(6, 'marinac', '9e0e558e0aa576ea9fac0a70c921c532', 'musko', 'Marin', 'Mihajlović', '1994-10-10', '1231236116', 'Hrvatska, Bestovje, Prudnjaki15', 'marin.mihajlovic@hotmail.com', '013324681', 'aktivan', 0, 1),
(10, 'maychy', 'f992ea1c57067f0f661611b036069c6d', 'zensko', 'Maja', 'Furdi', '1993-10-02', '2525107898', 'Hrvatska, 40317 Podturen, Zrinska 15', 'maja.furdi7@gmail.com', '0996945853', 'aktivan', 2, 3),
(13, 'Marin', '3b82839d6b97ec197ab621b59edeb114', 'musko', 'Marin', 'Mihajlović', '1994-10-10', '0016106161', 'Hrvatska,Sveta Nedelja, Prudnjaki 15', 'marmihajl@foi.hr', '0955541310', 'aktivan', 1, 3),
(14, 'korisnik', 'df5e8c760f430ff37c1384098bd7e806', 'musko', 'Miško', 'Miško', '1995-07-07', '1234567890', 'Hrvatska, Varaždin, Ulica Tina Ujevića 27', 'fevo@top1post.ru', '0955541310', 'aktivan', 0, 2),
(15, 'korisnik2', '25d55ad283aa400af464c76d713c07ad', 'musko', 'Marin', 'Marin', '1990-05-10', '0016106161', 'Hrvatska, Split, Splitska bb', 'korisnik2@leeching.net', '013324681', 'aktivan', 0, 3),
(16, 'jedan', 'cc5d64fd18665ae6b737b45fc59a5ad3', '1', 'Jedan', 'Jedini', '1996-01-10', '1593969710', 'Hrvatska, Dubrovnik, Dobrovnik 1', 'jedan@leeching.net', '01252526', 'aktivan', 0, 3);

-- --------------------------------------------------------

--
-- Tablična struktura za tablicu `lajkovi`
--

CREATE TABLE IF NOT EXISTS `lajkovi` (
  `meni` int(11) NOT NULL,
  `korisnik` int(11) NOT NULL,
  `datum` date NOT NULL,
  PRIMARY KEY (`meni`,`korisnik`),
  KEY `korisnik` (`korisnik`)
) ENGINE=InnoDB DEFAULT CHARSET=utf8;

--
-- Izbacivanje podataka za tablicu `lajkovi`
--

INSERT INTO `lajkovi` (`meni`, `korisnik`, `datum`) VALUES
(2, 6, '2016-05-28'),
(3, 6, '2016-05-28'),
(4, 6, '2016-05-28'),
(10, 6, '2016-05-28'),
(12, 6, '2016-05-30'),
(20, 6, '2016-06-14'),
(20, 10, '2016-06-13'),
(21, 15, '2016-06-14'),
(22, 15, '2016-06-14');

-- --------------------------------------------------------

--
-- Tablična struktura za tablicu `lajkovi_menza`
--

CREATE TABLE IF NOT EXISTS `lajkovi_menza` (
  `menza` int(11) NOT NULL,
  `korisnik` int(11) NOT NULL,
  `datum` date NOT NULL,
  PRIMARY KEY (`menza`,`korisnik`),
  KEY `korisnik` (`korisnik`)
) ENGINE=InnoDB DEFAULT CHARSET=utf8;

--
-- Izbacivanje podataka za tablicu `lajkovi_menza`
--

INSERT INTO `lajkovi_menza` (`menza`, `korisnik`, `datum`) VALUES
(1, 6, '2016-05-28'),
(1, 15, '2016-06-14'),
(2, 6, '2016-05-28'),
(4, 6, '2016-05-30');

-- --------------------------------------------------------

--
-- Tablična struktura za tablicu `meni`
--

CREATE TABLE IF NOT EXISTS `meni` (
  `id` int(11) NOT NULL AUTO_INCREMENT,
  `naziv` varchar(25) NOT NULL,
  `opis` text NOT NULL,
  `datum` date NOT NULL,
  `pocetno_stanje` int(11) NOT NULL,
  `trenutno_stanje` int(11) NOT NULL,
  `svida` int(11) NOT NULL DEFAULT '0',
  `nesvida` int(11) NOT NULL DEFAULT '0',
  `menza` int(11) NOT NULL,
  PRIMARY KEY (`id`),
  KEY `menza` (`menza`)
) ENGINE=InnoDB  DEFAULT CHARSET=utf8 AUTO_INCREMENT=24 ;

--
-- Izbacivanje podataka za tablicu `meni`
--

INSERT INTO `meni` (`id`, `naziv`, `opis`, `datum`, `pocetno_stanje`, `trenutno_stanje`, `svida`, `nesvida`, `menza`) VALUES
(1, 'Ručak 1', 'Bistra juha, pečena piletina i mlinci, kolač.', '2016-05-24', 15, 7, 0, 1, 1),
(2, 'Ručak 2', 'Krem juha od gljiva, pečena piletina i mlinci, kolač.', '2016-05-24', 10, 9, 0, 1, 1),
(3, 'Ručak 3', 'Krem juha od gljiva, pohana svinjetina i krumpir, čokoladno mlijeko.', '2016-05-24', 20, 3, 0, 1, 1),
(4, 'Ručak 4', 'Bistra juha, pohana svinjetina i krumpir, čokoladno mlijeko.', '2016-05-24', 20, 20, 1, 0, 1),
(5, 'Ručak 1', 'Juha od šparoga, pohana cvjetaća i njoki, puding od lješnjaka.', '2016-05-24', 12, 10, 0, 0, 2),
(10, 'Ručak 2', 'Bistra juha, pohani sir i pomfri, tartak, kolač', '2016-05-27', 22, 12, 1, 0, 2),
(11, 'Ručak vege', 'Juha od gljiva, pohani patliđan, ušećerena mrkva', '2016-05-28', 10, 0, 0, 0, 2),
(12, 'Ručak vikend', 'Sir, pršut i kruh, bistra juha, pečena piletina i mlinci, ledeni vjetar', '2016-05-28', 17, 17, 1, 0, 1),
(13, 'Testni', 'test', '2016-05-28', 11, 11, 0, 0, 2),
(14, 'Večere fina', 'Fino varivo', '2016-05-30', 15, 15, 0, 0, 4),
(15, 'Grah', 'Grah', '2016-05-31', 12, 12, 0, 0, 2),
(16, 'Danas', 'Današnji ručak', '2016-05-31', 20, 20, 0, 0, 1),
(17, 'Meni', 'Meni', '2016-05-31', 12, 12, 0, 0, 4),
(18, 'meni 1', 'večera', '2016-05-31', 10, 10, 0, 0, 1),
(19, 'meni', 'meni', '2016-06-02', 12, 12, 0, 0, 2),
(20, 'Ručak', 'Ručak', '2016-06-14', 50, 50, 1, 0, 4),
(21, 'meni1', 'Ručak', '2016-06-14', 20, 20, 1, 0, 1),
(22, 'meni2', 'meni za update', '2016-06-14', 17, 17, 0, 1, 1),
(23, 'meni 3', 'koš', '2016-06-14', 0, 0, 0, 0, 1);

-- --------------------------------------------------------

--
-- Tablična struktura za tablicu `menze`
--

CREATE TABLE IF NOT EXISTS `menze` (
  `id` int(11) NOT NULL AUTO_INCREMENT,
  `naziv` varchar(50) NOT NULL,
  `adresa` varchar(50) NOT NULL,
  `svida` int(11) NOT NULL DEFAULT '0',
  `nesvida` int(11) NOT NULL DEFAULT '0',
  PRIMARY KEY (`id`)
) ENGINE=InnoDB  DEFAULT CHARSET=utf8 AUTO_INCREMENT=15 ;

--
-- Izbacivanje podataka za tablicu `menze`
--

INSERT INTO `menze` (`id`, `naziv`, `adresa`, `svida`, `nesvida`) VALUES
(1, 'Studentska menza', 'Varaždin', 6, 1),
(2, 'elektron', 'Nepoznata', 1, 0),
(4, 'Menza Zagreb', 'Ulica Stjepana Radića 52, 10000 Zagreb', 1, 0);

-- --------------------------------------------------------

--
-- Tablična struktura za tablicu `moderatori`
--

CREATE TABLE IF NOT EXISTS `moderatori` (
  `korisnik` int(11) NOT NULL,
  `menza` int(11) NOT NULL,
  KEY `korisnik` (`korisnik`),
  KEY `menza` (`menza`)
) ENGINE=InnoDB DEFAULT CHARSET=utf8;

--
-- Izbacivanje podataka za tablicu `moderatori`
--

INSERT INTO `moderatori` (`korisnik`, `menza`) VALUES
(6, 2),
(6, 1),
(14, 1);

-- --------------------------------------------------------

--
-- Tablična struktura za tablicu `pomak`
--

CREATE TABLE IF NOT EXISTS `pomak` (
  `pom` int(11) NOT NULL
) ENGINE=InnoDB DEFAULT CHARSET=utf8;

--
-- Izbacivanje podataka za tablicu `pomak`
--

INSERT INTO `pomak` (`pom`) VALUES
(0);

-- --------------------------------------------------------

--
-- Tablična struktura za tablicu `rezervacije`
--

CREATE TABLE IF NOT EXISTS `rezervacije` (
  `meni` int(11) NOT NULL,
  `korisnik` int(11) NOT NULL,
  `kolicina` int(11) NOT NULL,
  `datum` date NOT NULL,
  `vrijeme` time NOT NULL,
  `status` varchar(25) NOT NULL DEFAULT 'na čekanju',
  `prikazi` int(11) NOT NULL DEFAULT '1',
  PRIMARY KEY (`meni`,`korisnik`),
  KEY `korisnik` (`korisnik`)
) ENGINE=InnoDB DEFAULT CHARSET=utf8;

--
-- Izbacivanje podataka za tablicu `rezervacije`
--

INSERT INTO `rezervacije` (`meni`, `korisnik`, `kolicina`, `datum`, `vrijeme`, `status`, `prikazi`) VALUES
(1, 6, 1, '2016-05-24', '11:00:00', 'prihvačeno', 0),
(3, 6, 1, '2016-05-28', '12:00:00', 'prihvačeno', 0),
(12, 6, 1, '2016-05-28', '12:00:00', 'odbijeno', 1),
(13, 6, 1, '2016-05-28', '12:00:00', 'odbijeno', 1),
(14, 6, 2, '2016-05-30', '22:00:00', 'prihvačeno', 0),
(15, 10, 1, '2016-05-31', '12:00:00', 'prihvačeno', 0),
(16, 6, 1, '2016-05-31', '12:15:00', 'prihvačeno', 0),
(16, 13, 1, '2016-05-31', '20:00:00', 'prihvačeno', 0),
(17, 13, 2, '2016-05-31', '21:00:00', 'prihvačeno', 0),
(19, 6, 1, '2016-06-02', '10:00:00', 'prihvačeno', 0),
(20, 6, 1, '2016-06-14', '12:00:00', 'prihvačeno', 0),
(20, 14, 1, '2016-06-14', '15:00:00', 'prihvačeno', 0),
(21, 6, 1, '2016-06-14', '15:20:00', 'prihvačeno', 0),
(22, 6, 1, '2016-06-14', '14:00:00', 'odbijeno', 1);

-- --------------------------------------------------------

--
-- Tablična struktura za tablicu `slike`
--

CREATE TABLE IF NOT EXISTS `slike` (
  `korisnik` int(11) NOT NULL,
  `slika` varchar(50) NOT NULL,
  `tagovi` varchar(150) NOT NULL
) ENGINE=InnoDB DEFAULT CHARSET=utf8;

--
-- Izbacivanje podataka za tablicu `slike`
--

INSERT INTO `slike` (`korisnik`, `slika`, `tagovi`) VALUES
(6, 'photo.jpg', 'pi;test;reg'),
(6, 'photo(1).jpg', 'pi;kol'),
(6, 'photo(2).jpg', ''),
(14, 'slika.jpg', 'meni;slika'),
(6, 'becki.jpg', 'becki;thebest'),
(6, 'cordon.jpg', 'pohano;cordon'),
(6, 'grah-varivo.jpg', 'napokon;zlica;varivo;grah'),
(16, 'becki.jpg', 'becki;thebest');

-- --------------------------------------------------------

--
-- Tablična struktura za tablicu `tipovi_korisnika`
--

CREATE TABLE IF NOT EXISTS `tipovi_korisnika` (
  `id` int(11) NOT NULL AUTO_INCREMENT,
  `naziv` varchar(25) NOT NULL,
  `opis` varchar(100) NOT NULL,
  PRIMARY KEY (`id`)
) ENGINE=InnoDB  DEFAULT CHARSET=utf8 AUTO_INCREMENT=6 ;

--
-- Izbacivanje podataka za tablicu `tipovi_korisnika`
--

INSERT INTO `tipovi_korisnika` (`id`, `naziv`, `opis`) VALUES
(1, 'Administrator', 'Ima sve ovlasti'),
(2, 'Moderator', 'Moderato menzi'),
(3, 'Korisnik', 'Obični korisnik');

--
-- Ograničenja za izbačene tablice
--

--
-- Ograničenja za tablicu `crne_liste`
--
ALTER TABLE `crne_liste`
  ADD CONSTRAINT `crne_liste_ibfk_1` FOREIGN KEY (`menza`) REFERENCES `menze` (`id`),
  ADD CONSTRAINT `crne_liste_ibfk_2` FOREIGN KEY (`korisnik`) REFERENCES `korisnici` (`id`);

--
-- Ograničenja za tablicu `dnevnik`
--
ALTER TABLE `dnevnik`
  ADD CONSTRAINT `dnevnik_ibfk_1` FOREIGN KEY (`korisnik`) REFERENCES `korisnici` (`id`);

--
-- Ograničenja za tablicu `korisnici`
--
ALTER TABLE `korisnici`
  ADD CONSTRAINT `korisnici_ibfk_1` FOREIGN KEY (`tip_korisnika`) REFERENCES `tipovi_korisnika` (`id`);

--
-- Ograničenja za tablicu `lajkovi`
--
ALTER TABLE `lajkovi`
  ADD CONSTRAINT `lajkovi_ibfk_1` FOREIGN KEY (`korisnik`) REFERENCES `korisnici` (`id`),
  ADD CONSTRAINT `lajkovi_ibfk_2` FOREIGN KEY (`meni`) REFERENCES `meni` (`id`);

--
-- Ograničenja za tablicu `lajkovi_menza`
--
ALTER TABLE `lajkovi_menza`
  ADD CONSTRAINT `lajkovi_menza_ibfk_1` FOREIGN KEY (`korisnik`) REFERENCES `korisnici` (`id`),
  ADD CONSTRAINT `lajkovi_menza_ibfk_2` FOREIGN KEY (`menza`) REFERENCES `menze` (`id`);

--
-- Ograničenja za tablicu `meni`
--
ALTER TABLE `meni`
  ADD CONSTRAINT `meni_ibfk_1` FOREIGN KEY (`menza`) REFERENCES `menze` (`id`);

--
-- Ograničenja za tablicu `moderatori`
--
ALTER TABLE `moderatori`
  ADD CONSTRAINT `moderatori_ibfk_1` FOREIGN KEY (`korisnik`) REFERENCES `korisnici` (`id`),
  ADD CONSTRAINT `moderatori_ibfk_2` FOREIGN KEY (`menza`) REFERENCES `menze` (`id`);

--
-- Ograničenja za tablicu `rezervacije`
--
ALTER TABLE `rezervacije`
  ADD CONSTRAINT `rezervacije_ibfk_1` FOREIGN KEY (`meni`) REFERENCES `meni` (`id`),
  ADD CONSTRAINT `rezervacije_ibfk_2` FOREIGN KEY (`korisnik`) REFERENCES `korisnici` (`id`);

/*!40101 SET CHARACTER_SET_CLIENT=@OLD_CHARACTER_SET_CLIENT */;
/*!40101 SET CHARACTER_SET_RESULTS=@OLD_CHARACTER_SET_RESULTS */;
/*!40101 SET COLLATION_CONNECTION=@OLD_COLLATION_CONNECTION */;
